{"process_time_second": 87.56793665885925, "top_5": {"mean_recall": 0.056165673046752435, "mean_precision": 0.19562841530054645, "f_1": 0.08727450024378353}, "top_10": {"mean_recall": 0.08346407279573266, "mean_precision": 0.1453551912568306, "f_1": 0.10603946581622484}, "top_15": {"mean_recall": 0.09978035770316912, "mean_precision": 0.11584699453551912, "f_1": 0.10721510451786918}}