{"process_time_second": 146.21285891532898, "top_5": {"mean_recall": 0.060244744273611546, "mean_precision": 0.2098360655737705, "f_1": 0.09361287176986836}, "top_10": {"mean_recall": 0.07656102918104801, "mean_precision": 0.13333333333333333, "f_1": 0.09726928443292805}, "top_15": {"mean_recall": 0.09193598995920929, "mean_precision": 0.10673952641165756, "f_1": 0.09878624409979772}}