{"process_time_second": 149.70354509353638, "top_5": {"mean_recall": 0.06840288672732978, "mean_precision": 0.23825136612021858, "f_1": 0.10628961482203804}, "top_10": {"mean_recall": 0.08973956699090054, "mean_precision": 0.15628415300546447, "f_1": 0.11401235798285828}, "top_15": {"mean_recall": 0.09883903357389394, "mean_precision": 0.11475409836065574, "f_1": 0.1062036412677006}}