{"process_time_second": 75.32680892944336, "top_5": {"mean_recall": 0.009099466582993411, "mean_precision": 0.03169398907103825, "f_1": 0.014139444173573866}, "top_10": {"mean_recall": 0.012864763100094132, "mean_precision": 0.022404371584699455, "f_1": 0.01634442894159856}, "top_15": {"mean_recall": 0.019767806714778787, "mean_precision": 0.022950819672131147, "f_1": 0.021240728253540123}}