{"process_time_second": 306.5917408466339, "top_5": {"mean_recall": 0.028867273297772198, "mean_precision": 0.1005464480874317, "f_1": 0.04485616772306191}, "top_10": {"mean_recall": 0.045497332914967055, "mean_precision": 0.07923497267759563, "f_1": 0.05780346820809249}, "top_15": {"mean_recall": 0.05396925007844368, "mean_precision": 0.06265938069216757, "f_1": 0.05799055967633176}}