{"process_time_second": 145.9479308128357, "top_5": {"mean_recall": 0.06149984311264512, "mean_precision": 0.21420765027322405, "f_1": 0.0955631399317406}, "top_10": {"mean_recall": 0.07530593034201444, "mean_precision": 0.13114754098360656, "f_1": 0.09567470599960136}, "top_15": {"mean_recall": 0.08597427047379981, "mean_precision": 0.09981785063752277, "f_1": 0.09238031018206337}}