{"process_time_second": 77.31402397155762, "top_5": {"mean_recall": 0.06338249137119548, "mean_precision": 0.22076502732240438, "f_1": 0.09848854217454898}, "top_10": {"mean_recall": 0.08001255098839033, "mean_precision": 0.13934426229508196, "f_1": 0.10165437512457644}, "top_15": {"mean_recall": 0.09256353937872608, "mean_precision": 0.10746812386156648, "f_1": 0.09946055293324342}}