{"process_time_second": 70.14281892776489, "top_5": {"mean_recall": 0.04581110762472545, "mean_precision": 0.15956284153005465, "f_1": 0.07118478790833739}, "top_10": {"mean_recall": 0.06118606840288673, "mean_precision": 0.10655737704918032, "f_1": 0.07773569862467611}, "top_15": {"mean_recall": 0.06903043614684656, "mean_precision": 0.08014571948998178, "f_1": 0.07417397167902899}}