{"process_time_second": 132.18015217781067, "top_5": {"mean_recall": 0.037339190461248825, "mean_precision": 0.13005464480874318, "f_1": 0.05802047781569966}, "top_10": {"mean_recall": 0.052086601819893316, "mean_precision": 0.0907103825136612, "f_1": 0.0661750049830576}, "top_15": {"mean_recall": 0.058362096015061184, "mean_precision": 0.06775956284153005, "f_1": 0.06271072151045178}}