{"process_time_second": 77.49778890609741, "top_5": {"mean_recall": 0.06463759021022905, "mean_precision": 0.22513661202185792, "f_1": 0.10043881033642126}, "top_10": {"mean_recall": 0.08315029808597427, "mean_precision": 0.1448087431693989, "f_1": 0.10564082120789316}, "top_15": {"mean_recall": 0.09570128647631002, "mean_precision": 0.1111111111111111, "f_1": 0.10283209710047202}}