{"FirstN": {"elapse": 11.486861248016357, "elapse_prior": 0}, "TF": {"elapse": 11.497071785926819, "elapse_prior": 10.167100191116333}, "LexSpec": {"elapse": 12.11673752784729, "elapse_prior": 0}, "TFIDF": {"elapse": 22.376015479564668, "elapse_prior": 10.284387826919556}, "TextRank": {"elapse": 14.889974269866944, "elapse_prior": 0}, "SingleRank": {"elapse": 15.019233617782593, "elapse_prior": 0}, "PositionRank": {"elapse": 14.997540352344513, "elapse_prior": 0}, "LexRank": {"elapse": 25.464309191703798, "elapse_prior": 0}, "TFIDFRank": {"elapse": 26.51425075292587, "elapse_prior": 0}, "SingleTPR": {"elapse": 29.426657502651214, "elapse_prior": 16.20649027824402}, "TopicRank": {"elapse": 19.042776868343353, "elapse_prior": 0}}