{"process_time_second": 41.63373374938965, "top_5": {"mean_recall": 0.023784901758014478, "mean_precision": 0.15333333333333332, "f_1": 0.04118173679498657}, "top_10": {"mean_recall": 0.031023784901758014, "mean_precision": 0.1, "f_1": 0.0473559589581689}, "top_15": {"mean_recall": 0.04239917269906929, "mean_precision": 0.09111111111111111, "f_1": 0.05786873676781934}}