{"process_time_second": 11.344803810119629, "top_5": {"mean_recall": 0.03619441571871768, "mean_precision": 0.23333333333333334, "f_1": 0.06266786034019696}, "top_10": {"mean_recall": 0.04239917269906929, "mean_precision": 0.13666666666666666, "f_1": 0.06471981057616417}, "top_15": {"mean_recall": 0.047569803516028956, "mean_precision": 0.10222222222222223, "f_1": 0.06492589978828511}}