{"process_time_second": 23.741281032562256, "top_5": {"mean_recall": 0.04136504653567735, "mean_precision": 0.26666666666666666, "f_1": 0.07162041181736795}, "top_10": {"mean_recall": 0.05377456049638056, "mean_precision": 0.17333333333333334, "f_1": 0.08208366219415943}, "top_15": {"mean_recall": 0.06514994829369183, "mean_precision": 0.14, "f_1": 0.08892025405786876}}