{"process_time_second": 12.095046281814575, "top_5": {"mean_recall": 0.010341261633919338, "mean_precision": 0.06666666666666667, "f_1": 0.017905102954341987}, "top_10": {"mean_recall": 0.01861427094105481, "mean_precision": 0.06, "f_1": 0.028413575374901346}, "top_15": {"mean_recall": 0.02481902792140641, "mean_precision": 0.05333333333333334, "f_1": 0.033874382498235704}}