{"process_time_second": 14.111281156539917, "top_5": {"mean_recall": 0.03722854188210962, "mean_precision": 0.24, "f_1": 0.06445837063563116}, "top_10": {"mean_recall": 0.05894519131334023, "mean_precision": 0.19, "f_1": 0.08997632202052092}, "top_15": {"mean_recall": 0.07135470527404343, "mean_precision": 0.15333333333333332, "f_1": 0.09738884968242766}}