{"process_time_second": 12.45369291305542, "top_5": {"mean_recall": 0.04343329886246122, "mean_precision": 0.28, "f_1": 0.07520143240823635}, "top_10": {"mean_recall": 0.05687693898655636, "mean_precision": 0.18333333333333332, "f_1": 0.08681925808997631}, "top_15": {"mean_recall": 0.06825232678386763, "mean_precision": 0.14666666666666667, "f_1": 0.0931545518701482}}