{"process_time_second": 24.23446011543274, "top_5": {"mean_recall": 0.04860392967942089, "mean_precision": 0.31333333333333335, "f_1": 0.08415398388540735}, "top_10": {"mean_recall": 0.06618407445708377, "mean_precision": 0.21333333333333335, "f_1": 0.101026045777427}, "top_15": {"mean_recall": 0.07238883143743537, "mean_precision": 0.15555555555555556, "f_1": 0.09880028228652082}}