{"process_time_second": 12.522025108337402, "top_5": {"mean_recall": 0.045501551189245086, "mean_precision": 0.29333333333333333, "f_1": 0.07878245299910473}, "top_10": {"mean_recall": 0.0641158221302999, "mean_precision": 0.20666666666666667, "f_1": 0.0978689818468824}, "top_15": {"mean_recall": 0.07238883143743537, "mean_precision": 0.15555555555555556, "f_1": 0.09880028228652082}}