{"process_time_second": 23.824238061904907, "top_5": {"mean_recall": 0.03722854188210962, "mean_precision": 0.24, "f_1": 0.06445837063563116}, "top_10": {"mean_recall": 0.05480868665977249, "mean_precision": 0.17666666666666667, "f_1": 0.08366219415943173}, "top_15": {"mean_recall": 0.06825232678386763, "mean_precision": 0.14666666666666667, "f_1": 0.0931545518701482}}