{"process_time_second": 21.82074284553528, "top_5": {"mean_recall": 0.02998965873836608, "mean_precision": 0.19333333333333333, "f_1": 0.05192479856759176}, "top_10": {"mean_recall": 0.03722854188210962, "mean_precision": 0.12, "f_1": 0.05682715074980269}, "top_15": {"mean_recall": 0.04136504653567735, "mean_precision": 0.08888888888888889, "f_1": 0.05645730416372617}}