{"process_time_second": 610.8832981586456, "top_5": {"mean_recall": 0.07337087691069992, "mean_precision": 0.11707317073170732, "f_1": 0.09020771513353117}, "top_10": {"mean_recall": 0.09300080450522928, "mean_precision": 0.07419768934531451, "f_1": 0.08254194930382006}, "top_15": {"mean_recall": 0.10442477876106195, "mean_precision": 0.05554129225502781, "f_1": 0.07251396648044693}}