{"process_time_second": 323.7279179096222, "top_5": {"mean_recall": 0.07047465808527756, "mean_precision": 0.11245186136071887, "f_1": 0.08664688427299705}, "top_10": {"mean_recall": 0.09074818986323412, "mean_precision": 0.072400513478819, "f_1": 0.0805426633345234}, "top_15": {"mean_recall": 0.10474658085277554, "mean_precision": 0.05571245186136072, "f_1": 0.07273743016759776}}