{"process_time_second": 324.48971605300903, "top_5": {"mean_recall": 0.07707160096540627, "mean_precision": 0.12297817715019256, "f_1": 0.09475766567754698}, "top_10": {"mean_recall": 0.09863234111021722, "mean_precision": 0.07869062901155327, "f_1": 0.08754016422706176}, "top_15": {"mean_recall": 0.11069991954947707, "mean_precision": 0.05887890457851947, "f_1": 0.07687150837988826}}