{"process_time_second": 624.905669927597, "top_5": {"mean_recall": 0.07642799678197908, "mean_precision": 0.12195121951219512, "f_1": 0.09396636993076161}, "top_10": {"mean_recall": 0.100402252614642, "mean_precision": 0.08010269576379975, "f_1": 0.08911103177436631}, "top_15": {"mean_recall": 0.11311343523732904, "mean_precision": 0.06016260162601626, "f_1": 0.07854748603351956}}