{"process_time_second": 1137.0802109241486, "top_5": {"mean_recall": 0.04102976669348351, "mean_precision": 0.06546854942233633, "f_1": 0.050445103857566766}, "top_10": {"mean_recall": 0.06098149637972647, "mean_precision": 0.04865211810012837, "f_1": 0.054123527311674406}, "top_15": {"mean_recall": 0.0744971842316975, "mean_precision": 0.039623448866067605, "f_1": 0.051731843575419}}