{"process_time_second": 555.4832468032837, "top_5": {"mean_recall": 0.056476267095736124, "mean_precision": 0.09011553273427471, "f_1": 0.06943620178041543}, "top_10": {"mean_recall": 0.06870474658085278, "mean_precision": 0.054813863928112966, "f_1": 0.060978222063548734}, "top_15": {"mean_recall": 0.07964601769911504, "mean_precision": 0.04236200256739409, "f_1": 0.0553072625698324}}