{"process_time_second": 297.35161209106445, "top_5": {"mean_recall": 0.022043443282381336, "mean_precision": 0.035173299101412064, "f_1": 0.027101879327398617}, "top_10": {"mean_recall": 0.033628318584070796, "mean_precision": 0.026829268292682926, "f_1": 0.02984648339878615}, "top_15": {"mean_recall": 0.04360418342719228, "mean_precision": 0.023192126658108686, "f_1": 0.030279329608938553}}