{"process_time_second": 366.8196918964386, "top_5": {"mean_recall": 0.05197103781174578, "mean_precision": 0.08292682926829269, "f_1": 0.0638971315529179}, "top_10": {"mean_recall": 0.0920353982300885, "mean_precision": 0.07342747111681643, "f_1": 0.08168511245983577}, "top_15": {"mean_recall": 0.10909090909090909, "mean_precision": 0.05802310654685494, "f_1": 0.07575418994413408}}