{"process_time_second": 292.5353043079376, "top_5": {"mean_recall": 0.06403861625100563, "mean_precision": 0.10218228498074454, "f_1": 0.07873392680514342}, "top_10": {"mean_recall": 0.07996781979082863, "mean_precision": 0.0637997432605905, "f_1": 0.07097465191003213}, "top_15": {"mean_recall": 0.08720836685438456, "mean_precision": 0.04638425331621737, "f_1": 0.060558659217877106}}