{"process_time_second": 27.85410475730896, "top_5": {"mean_recall": 0.07849043231750531, "mean_precision": 0.2215, "f_1": 0.11590790162218734}, "top_10": {"mean_recall": 0.12895109851169384, "mean_precision": 0.18195, "f_1": 0.15093322272915802}, "top_15": {"mean_recall": 0.15963855421686746, "mean_precision": 0.15016666666666667, "f_1": 0.15475781518378562}}