{"process_time_second": 19.198713779449463, "top_5": {"mean_recall": 0.08210489014883061, "mean_precision": 0.2317, "f_1": 0.12124542124542123}, "top_10": {"mean_recall": 0.13862508858965272, "mean_precision": 0.1956, "f_1": 0.16225632517627542}, "top_15": {"mean_recall": 0.17923458540042522, "mean_precision": 0.1686, "f_1": 0.17375472346272758}}