{"process_time_second": 25.908529043197632, "top_5": {"mean_recall": 0.09029057406094967, "mean_precision": 0.2548, "f_1": 0.13333333333333333}, "top_10": {"mean_recall": 0.15279943302622254, "mean_precision": 0.2156, "f_1": 0.17884695147241808}, "top_15": {"mean_recall": 0.1906094968107725, "mean_precision": 0.1793, "f_1": 0.1847818619031261}}