{"process_time_second": 21.212536096572876, "top_5": {"mean_recall": 0.08369950389794471, "mean_precision": 0.2362, "f_1": 0.12360020931449502}, "top_10": {"mean_recall": 0.14429482636428065, "mean_precision": 0.2036, "f_1": 0.16889257569473248}, "top_15": {"mean_recall": 0.1855421686746988, "mean_precision": 0.17453333333333335, "f_1": 0.17986946066643764}}