{"process_time_second": 25.449087858200073, "top_5": {"mean_recall": 0.10021261516654854, "mean_precision": 0.2828, "f_1": 0.14798534798534796}, "top_10": {"mean_recall": 0.16534372785258683, "mean_precision": 0.2333, "f_1": 0.19352965574450437}, "top_15": {"mean_recall": 0.19964564138908575, "mean_precision": 0.1878, "f_1": 0.19354173823428372}}