{"process_time_second": 25.399463891983032, "top_5": {"mean_recall": 0.10120481927710843, "mean_precision": 0.2856, "f_1": 0.14945054945054945}, "top_10": {"mean_recall": 0.16630049610205527, "mean_precision": 0.23465, "f_1": 0.194649523019494}, "top_15": {"mean_recall": 0.19907866761162296, "mean_precision": 0.18726666666666666, "f_1": 0.19299209893507385}}