{"process_time_second": 45.81756782531738, "top_5": {"mean_recall": 0.09425939050318922, "mean_precision": 0.266, "f_1": 0.1391941391941392}, "top_10": {"mean_recall": 0.157512402551382, "mean_precision": 0.22225, "f_1": 0.18436333471588554}, "top_15": {"mean_recall": 0.19649184975194897, "mean_precision": 0.18483333333333332, "f_1": 0.1904843696324287}}