{"process_time_second": 44.6281840801239, "top_5": {"mean_recall": 0.09287739192062366, "mean_precision": 0.2621, "f_1": 0.1371533228676086}, "top_10": {"mean_recall": 0.1554925584691708, "mean_precision": 0.2194, "f_1": 0.1819991704686852}, "top_15": {"mean_recall": 0.19447200566973777, "mean_precision": 0.18293333333333334, "f_1": 0.1885262796289935}}