{"process_time_second": 38.98374390602112, "top_5": {"mean_recall": 0.08465627214741318, "mean_precision": 0.2389, "f_1": 0.12501308215593931}, "top_10": {"mean_recall": 0.14599574769666904, "mean_precision": 0.206, "f_1": 0.1708834508502696}, "top_15": {"mean_recall": 0.1874202693125443, "mean_precision": 0.1763, "f_1": 0.18169014084507043}}