{"process_time_second": 48.58004283905029, "top_5": {"mean_recall": 0.08362863217576187, "mean_precision": 0.236, "f_1": 0.12349555206698064}, "top_10": {"mean_recall": 0.142487597448618, "mean_precision": 0.20105, "f_1": 0.16677727084197427}, "top_15": {"mean_recall": 0.1834160170092133, "mean_precision": 0.17253333333333334, "f_1": 0.17780831329440056}}