{"process_time_second": 4.892935037612915, "top_5": {"mean_recall": 0.06070390700678076, "mean_precision": 0.04980132450331126, "f_1": 0.05471478463329453}, "top_10": {"mean_recall": 0.07684856312560542, "mean_precision": 0.03152317880794702, "f_1": 0.044707429322813935}, "top_15": {"mean_recall": 0.08653535679690022, "mean_precision": 0.023664459161147903, "f_1": 0.03716544168631258}}