{"process_time_second": 5.808512926101685, "top_5": {"mean_recall": 0.06425573135292219, "mean_precision": 0.05271523178807947, "f_1": 0.05791618160651921}, "top_10": {"mean_recall": 0.07910881498224087, "mean_precision": 0.03245033112582781, "f_1": 0.046022353714661395}, "top_15": {"mean_recall": 0.08621246367452373, "mean_precision": 0.02357615894039735, "f_1": 0.037026764665095}}