{"process_time_second": 10.341181993484497, "top_5": {"mean_recall": 0.0636099451081692, "mean_precision": 0.05218543046357616, "f_1": 0.05733410942956927}, "top_10": {"mean_recall": 0.08169195996125282, "mean_precision": 0.03350993377483444, "f_1": 0.04752512444820137}, "top_15": {"mean_recall": 0.0878269292864062, "mean_precision": 0.02401766004415011, "f_1": 0.03772014977118291}}