{"process_time_second": 10.897287845611572, "top_5": {"mean_recall": 0.05424604455925089, "mean_precision": 0.044503311258278146, "f_1": 0.048894062863795114}, "top_10": {"mean_recall": 0.07394252502421698, "mean_precision": 0.03033112582781457, "f_1": 0.04301681224758148}, "top_15": {"mean_recall": 0.08427510494026477, "mean_precision": 0.02304635761589404, "f_1": 0.03619470253778949}}