{"process_time_second": 8.840164184570312, "top_5": {"mean_recall": 0.0636099451081692, "mean_precision": 0.05218543046357616, "f_1": 0.05733410942956927}, "top_10": {"mean_recall": 0.08104617371649984, "mean_precision": 0.033245033112582784, "f_1": 0.04714943176481638}, "top_15": {"mean_recall": 0.0875040361640297, "mean_precision": 0.023929359823399558, "f_1": 0.03758147274996533}}