{"process_time_second": 6.619011878967285, "top_5": {"mean_recall": 0.048111075234097515, "mean_precision": 0.03947019867549669, "f_1": 0.04336437718277066}, "top_10": {"mean_recall": 0.05682918953826283, "mean_precision": 0.023311258278145695, "f_1": 0.03306095613787921}, "top_15": {"mean_recall": 0.06264126574103972, "mean_precision": 0.017130242825607066, "f_1": 0.026903342116211346}}