{"process_time_second": 4.586047887802124, "top_5": {"mean_recall": 0.0587665482725218, "mean_precision": 0.048211920529801326, "f_1": 0.052968568102444706}, "top_10": {"mean_recall": 0.07103648692282855, "mean_precision": 0.02913907284768212, "f_1": 0.04132619517234902}, "top_15": {"mean_recall": 0.08427510494026477, "mean_precision": 0.02304635761589404, "f_1": 0.03619470253778949}}