{"process_time_second": 5.764737129211426, "top_5": {"mean_recall": 0.06005812076202777, "mean_precision": 0.049271523178807945, "f_1": 0.05413271245634458}, "top_10": {"mean_recall": 0.07620277688085243, "mean_precision": 0.031258278145695366, "f_1": 0.04433173663942895}, "top_15": {"mean_recall": 0.08556667742977074, "mean_precision": 0.023399558498896248, "f_1": 0.03674941062265982}}