{"process_time_second": 6.0128867626190186, "top_5": {"mean_recall": 0.06716176945431063, "mean_precision": 0.05509933774834437, "f_1": 0.060535506402793954}, "top_10": {"mean_recall": 0.0829835324507588, "mean_precision": 0.03403973509933775, "f_1": 0.048276509814971356}, "top_15": {"mean_recall": 0.08847271553115918, "mean_precision": 0.024194260485651216, "f_1": 0.03799750381361809}}