{"process_time_second": 10.398237943649292, "top_5": {"mean_recall": 0.06522441072005167, "mean_precision": 0.053509933774834435, "f_1": 0.05878928987194412}, "top_10": {"mean_recall": 0.08201485308362932, "mean_precision": 0.033642384105960266, "f_1": 0.047712970789893866}, "top_15": {"mean_recall": 0.08847271553115918, "mean_precision": 0.024194260485651216, "f_1": 0.03799750381361809}}