{"process_time_second": 1690.152421951294, "top_5": {"mean_recall": 0.11296356538711776, "mean_precision": 0.12057291666666667, "f_1": 0.11664427275780988}, "top_10": {"mean_recall": 0.16411841249186726, "mean_precision": 0.08758680555555555, "f_1": 0.11421779488340503}, "top_15": {"mean_recall": 0.19323357189329862, "mean_precision": 0.06875, "f_1": 0.10141710773433499}}