{"process_time_second": 2864.260227203369, "top_5": {"mean_recall": 0.0727878985035784, "mean_precision": 0.07769097222222222, "f_1": 0.07515955660060464}, "top_10": {"mean_recall": 0.10987312947299935, "mean_precision": 0.05863715277777778, "f_1": 0.07646592709984151}, "top_15": {"mean_recall": 0.13378334417696813, "mean_precision": 0.04759837962962963, "f_1": 0.07021512719822436}}