{"process_time_second": 1361.7132341861725, "top_5": {"mean_recall": 0.06254066363044893, "mean_precision": 0.06675347222222222, "f_1": 0.06457843466577091}, "top_10": {"mean_recall": 0.09409564085881587, "mean_precision": 0.05021701388888889, "f_1": 0.0654856237265112}, "top_15": {"mean_recall": 0.11125569290826284, "mean_precision": 0.03958333333333333, "f_1": 0.058391668089465595}}