{"process_time_second": 4234.661959886551, "top_5": {"mean_recall": 0.05522121014964216, "mean_precision": 0.05894097222222222, "f_1": 0.05702049042660397}, "top_10": {"mean_recall": 0.09287573194534808, "mean_precision": 0.04956597222222222, "f_1": 0.06463663119764547}, "top_15": {"mean_recall": 0.11979505530253741, "mean_precision": 0.04262152777777778, "f_1": 0.06287348471913949}}