{"process_time_second": 1518.5380051136017, "top_5": {"mean_recall": 0.04708848405985686, "mean_precision": 0.05026041666666667, "f_1": 0.04862277460530736}, "top_10": {"mean_recall": 0.07677293428757319, "mean_precision": 0.04097222222222222, "f_1": 0.05342992981661761}, "top_15": {"mean_recall": 0.0988939492517892, "mean_precision": 0.03518518518518519, "f_1": 0.051903704968413865}}