{"process_time_second": 1522.8891832828522, "top_5": {"mean_recall": 0.06839622641509434, "mean_precision": 0.07300347222222223, "f_1": 0.07062479005710448}, "top_10": {"mean_recall": 0.10930383864671438, "mean_precision": 0.058333333333333334, "f_1": 0.07606973058637084}, "top_15": {"mean_recall": 0.13719908913467793, "mean_precision": 0.04881365740740741, "f_1": 0.07200785385009391}}