{"process_time_second": 2841.5771820545197, "top_5": {"mean_recall": 0.07327586206896551, "mean_precision": 0.07821180555555556, "f_1": 0.07566341954988243}, "top_10": {"mean_recall": 0.11036109303838647, "mean_precision": 0.05889756944444444, "f_1": 0.07680552411138782}, "top_15": {"mean_recall": 0.13370201691607025, "mean_precision": 0.04756944444444444, "f_1": 0.07017244323032268}}