{"process_time_second": 2617.3702590465546, "top_5": {"mean_recall": 0.05627846454131425, "mean_precision": 0.060069444444444446, "f_1": 0.05811219348337252}, "top_10": {"mean_recall": 0.08075797007156799, "mean_precision": 0.04309895833333333, "f_1": 0.05620330541091238}, "top_15": {"mean_recall": 0.09930058555627846, "mean_precision": 0.03532986111111111, "f_1": 0.05211712480792215}}