{"process_time_second": 2898.714946746826, "top_5": {"mean_recall": 0.06302862719583605, "mean_precision": 0.06727430555555555, "f_1": 0.0650822976150487}, "top_10": {"mean_recall": 0.10474951203643461, "mean_precision": 0.05590277777777778, "f_1": 0.07290015847860538}, "top_15": {"mean_recall": 0.13410865322055954, "mean_precision": 0.04771412037037037, "f_1": 0.07038586306983098}}