{"process_time_second": 156.6784451007843, "top_5": {"mean_recall": 0.05579912315663611, "mean_precision": 0.1339712918660287, "f_1": 0.07878446820483961}, "top_10": {"mean_recall": 0.07532881626145875, "mean_precision": 0.09043062200956938, "f_1": 0.08219178082191782}, "top_15": {"mean_recall": 0.09087285771223595, "mean_precision": 0.07272727272727272, "f_1": 0.08079376328844791}}