{"process_time_second": 88.83386492729187, "top_5": {"mean_recall": 0.055001992825827024, "mean_precision": 0.1320574162679426, "f_1": 0.07765897580191335}, "top_10": {"mean_recall": 0.08609007572738142, "mean_precision": 0.10334928229665072, "f_1": 0.0939334637964775}, "top_15": {"mean_recall": 0.11159824631327223, "mean_precision": 0.08931419457735247, "f_1": 0.09922041105598865}}