{"process_time_second": 98.37276792526245, "top_5": {"mean_recall": 0.0785173375846951, "mean_precision": 0.18851674641148325, "f_1": 0.1108610016882386}, "top_10": {"mean_recall": 0.11119968114786767, "mean_precision": 0.1334928229665072, "f_1": 0.12133072407045009}, "top_15": {"mean_recall": 0.1267437225986449, "mean_precision": 0.10143540669856459, "f_1": 0.11268603827072998}}