{"process_time_second": 169.2456247806549, "top_5": {"mean_recall": 0.06137903547229972, "mean_precision": 0.14736842105263157, "f_1": 0.08666291502532357}, "top_10": {"mean_recall": 0.09286568353925867, "mean_precision": 0.11148325358851674, "f_1": 0.10132637529897803}, "top_15": {"mean_recall": 0.11199681147867677, "mean_precision": 0.08963317384370016, "f_1": 0.09957476966690292}}