{"process_time_second": 226.00550508499146, "top_5": {"mean_recall": 0.046632124352331605, "mean_precision": 0.11196172248803828, "f_1": 0.0658413055711874}, "top_10": {"mean_recall": 0.07572738142686329, "mean_precision": 0.09090909090909091, "f_1": 0.08262665796912373}, "top_15": {"mean_recall": 0.09724990035870865, "mean_precision": 0.07783094098883572, "f_1": 0.08646350106307583}}