{"process_time_second": 88.6645758152008, "top_5": {"mean_recall": 0.039059386209645275, "mean_precision": 0.0937799043062201, "f_1": 0.05514912774338773}, "top_10": {"mean_recall": 0.06456755679553607, "mean_precision": 0.07751196172248803, "f_1": 0.07045009784735812}, "top_15": {"mean_recall": 0.08369868473495416, "mean_precision": 0.06698564593301436, "f_1": 0.07441530829199149}}