{"process_time_second": 171.84440326690674, "top_5": {"mean_recall": 0.05141490633718613, "mean_precision": 0.12344497607655502, "f_1": 0.07259425998874508}, "top_10": {"mean_recall": 0.07772020725388601, "mean_precision": 0.09330143540669857, "f_1": 0.0848010437051533}, "top_15": {"mean_recall": 0.10442407333599044, "mean_precision": 0.0835725677830941, "f_1": 0.09284195605953224}}