{"process_time_second": 168.58022093772888, "top_5": {"mean_recall": 0.06297329613391789, "mean_precision": 0.15119617224880383, "f_1": 0.08891389983117613}, "top_10": {"mean_recall": 0.09485850936628139, "mean_precision": 0.11387559808612441, "f_1": 0.10350076103500762}, "top_15": {"mean_recall": 0.11438820247110403, "mean_precision": 0.09154704944178628, "f_1": 0.10170092133238837}}