{"process_time_second": 82.35763263702393, "top_5": {"mean_recall": 0.05819051414906337, "mean_precision": 0.1397129186602871, "f_1": 0.08216094541361846}, "top_10": {"mean_recall": 0.0848943802311678, "mean_precision": 0.10191387559808612, "f_1": 0.09262883235485976}, "top_15": {"mean_recall": 0.09645277002789956, "mean_precision": 0.07719298245614035, "f_1": 0.08575478384124735}}