{"process_time_second": 152.22731113433838, "top_5": {"mean_recall": 0.019401395954099135, "mean_precision": 0.0656, "f_1": 0.029946133479412034}, "top_10": {"mean_recall": 0.02602626286525494, "mean_precision": 0.044, "f_1": 0.032706459525756335}, "top_15": {"mean_recall": 0.030640009464095588, "mean_precision": 0.03453333333333333, "f_1": 0.03247038174637999}}