{"process_time_second": 483.7812421321869, "top_5": {"mean_recall": 0.014787649355258487, "mean_precision": 0.05, "f_1": 0.022824796859307953}, "top_10": {"mean_recall": 0.025671359280728737, "mean_precision": 0.0434, "f_1": 0.03226046235040511}, "top_15": {"mean_recall": 0.03430734650419969, "mean_precision": 0.03866666666666667, "f_1": 0.036356798094402315}}