{"process_time_second": 165.76074886322021, "top_5": {"mean_recall": 0.027919081982728026, "mean_precision": 0.0944, "f_1": 0.04309321647037342}, "top_10": {"mean_recall": 0.03880279190819827, "mean_precision": 0.0656, "f_1": 0.048762357838400355}, "top_15": {"mean_recall": 0.04554596001419614, "mean_precision": 0.051333333333333335, "f_1": 0.04826678367705133}}