{"process_time_second": 323.3214111328125, "top_5": {"mean_recall": 0.022950431799361175, "mean_precision": 0.0776, "f_1": 0.03542408472564594}, "top_10": {"mean_recall": 0.03111321424346386, "mean_precision": 0.0526, "f_1": 0.03909908570579053}, "top_15": {"mean_recall": 0.0376197799597776, "mean_precision": 0.0424, "f_1": 0.03986710963455149}}