{"process_time_second": 322.6865849494934, "top_5": {"mean_recall": 0.022122323435466697, "mean_precision": 0.0748, "f_1": 0.03414589610152469}, "top_10": {"mean_recall": 0.03052170826925352, "mean_precision": 0.0516, "f_1": 0.03835575708020516}, "top_15": {"mean_recall": 0.03785638234946173, "mean_precision": 0.042666666666666665, "f_1": 0.04011784617313358}}