{"process_time_second": 165.18632698059082, "top_5": {"mean_recall": 0.0283922867620963, "mean_precision": 0.096, "f_1": 0.04382360996987127}, "top_10": {"mean_recall": 0.04057730983082929, "mean_precision": 0.0686, "f_1": 0.050992343715156464}, "top_15": {"mean_recall": 0.048858393469774046, "mean_precision": 0.05506666666666667, "f_1": 0.05177709521720053}}