{"process_time_second": 335.7599427700043, "top_5": {"mean_recall": 0.025198154501360464, "mean_precision": 0.0852, "f_1": 0.038893453848260755}, "top_10": {"mean_recall": 0.03478055128356796, "mean_precision": 0.0588, "f_1": 0.04370772318441983}, "top_15": {"mean_recall": 0.041642020584407906, "mean_precision": 0.046933333333333334, "f_1": 0.04412963079044695}}