{"process_time_second": 289.54521894454956, "top_5": {"mean_recall": 0.017153673252099846, "mean_precision": 0.058, "f_1": 0.026476764356797227}, "top_10": {"mean_recall": 0.022240624630308767, "mean_precision": 0.0376, "f_1": 0.02794915632200996}, "top_15": {"mean_recall": 0.027919081982728026, "mean_precision": 0.031466666666666664, "f_1": 0.029586911552686012}}