{"process_time_second": 185.2575240135193, "top_5": {"mean_recall": 0.0254347568910446, "mean_precision": 0.086, "f_1": 0.039258650598009676}, "top_10": {"mean_recall": 0.036555069206198984, "mean_precision": 0.0618, "f_1": 0.04593770906117594}, "top_15": {"mean_recall": 0.04601916479356442, "mean_precision": 0.051866666666666665, "f_1": 0.048768256754215505}}