{"process_time_second": 35.58097815513611, "top_5": {"mean_recall": 0.034482758620689655, "mean_precision": 0.2, "f_1": 0.0588235294117647}, "top_10": {"mean_recall": 0.13793103448275862, "mean_precision": 0.4, "f_1": 0.20512820512820515}, "top_15": {"mean_recall": 0.2413793103448276, "mean_precision": 0.4666666666666667, "f_1": 0.3181818181818182}}