{"process_time_second": 8.912346839904785, "top_5": {"mean_recall": 0.09696410019623687, "mean_precision": 0.3407707910750507, "f_1": 0.1509705248023005}, "top_10": {"mean_recall": 0.1676093731963523, "mean_precision": 0.29452332657200814, "f_1": 0.2136393732067976}, "top_15": {"mean_recall": 0.22001616068336605, "mean_precision": 0.25774171737660584, "f_1": 0.23738946319591483}}