{"process_time_second": 209.71792793273926, "top_5": {"mean_recall": 0.0665785997357992, "mean_precision": 0.2074074074074074, "f_1": 0.1008}, "top_10": {"mean_recall": 0.09194187582562748, "mean_precision": 0.14320987654320988, "f_1": 0.11198712791633146}, "top_15": {"mean_recall": 0.11202113606340819, "mean_precision": 0.11632373113854595, "f_1": 0.11413189771197847}}