{"process_time_second": 54.35356688499451, "top_5": {"mean_recall": 0.034482758620689655, "mean_precision": 0.2, "f_1": 0.0588235294117647}, "top_10": {"mean_recall": 0.10344827586206896, "mean_precision": 0.3, "f_1": 0.15384615384615385}, "top_15": {"mean_recall": 0.1724137931034483, "mean_precision": 0.3333333333333333, "f_1": 0.22727272727272724}}