{"process_time_second": 23.59525227546692, "top_5": {"mean_recall": 0.10527530878448574, "mean_precision": 0.36997971602434077, "f_1": 0.16391085549964052}, "top_10": {"mean_recall": 0.17592058178460118, "mean_precision": 0.30912778904665317, "f_1": 0.22423306113440744}, "top_15": {"mean_recall": 0.23040517141867714, "mean_precision": 0.26991210277214334, "f_1": 0.24859882924399052}}