{"process_time_second": 23.58505892753601, "top_5": {"mean_recall": 0.10642964331063143, "mean_precision": 0.37403651115618664, "f_1": 0.1657081236520489}, "top_10": {"mean_recall": 0.17846011774212167, "mean_precision": 0.3135902636916836, "f_1": 0.2274700213345104}, "top_15": {"mean_recall": 0.23317557428142677, "mean_precision": 0.27315753887762, "f_1": 0.2515879935234774}}