{"process_time_second": 17.8840811252594, "top_5": {"mean_recall": 0.06896551724137931, "mean_precision": 0.4, "f_1": 0.1176470588235294}, "top_10": {"mean_recall": 0.10344827586206896, "mean_precision": 0.3, "f_1": 0.15384615384615385}, "top_15": {"mean_recall": 0.10344827586206896, "mean_precision": 0.2, "f_1": 0.13636363636363635}}