{"process_time_second": 565.0214681625366, "top_5": {"mean_recall": 0.04015852047556143, "mean_precision": 0.12510288065843622, "f_1": 0.06079999999999999}, "top_10": {"mean_recall": 0.06816380449141347, "mean_precision": 0.10617283950617284, "f_1": 0.0830249396621078}, "top_15": {"mean_recall": 0.09114927344782034, "mean_precision": 0.09465020576131687, "f_1": 0.09286675639300135}}