{"process_time_second": 8.381896018981934, "top_5": {"mean_recall": 0.10250490592173613, "mean_precision": 0.36024340770791075, "f_1": 0.15959741193386054}, "top_10": {"mean_recall": 0.17880641809996536, "mean_precision": 0.3141987829614604, "f_1": 0.22791142499816083}, "top_15": {"mean_recall": 0.23063603832390628, "mean_precision": 0.2701825557809331, "f_1": 0.24884792626728114}}