{"process_time_second": 519.9958159923553, "top_5": {"mean_recall": 0.03645970937912814, "mean_precision": 0.11358024691358025, "f_1": 0.055200000000000006}, "top_10": {"mean_recall": 0.06340819022457067, "mean_precision": 0.09876543209876543, "f_1": 0.07723250201126307}, "top_15": {"mean_recall": 0.0821664464993395, "mean_precision": 0.08532235939643347, "f_1": 0.08371467025572006}}