{"process_time_second": 11.042089223861694, "top_5": {"mean_recall": 0.07745584670437493, "mean_precision": 0.27221095334685597, "f_1": 0.12059669302659956}, "top_10": {"mean_recall": 0.1354034399168879, "mean_precision": 0.23793103448275862, "f_1": 0.17258883248730963}, "top_15": {"mean_recall": 0.1826157220362461, "mean_precision": 0.21392832995267072, "f_1": 0.19703574542284216}}