{"process_time_second": 518.9018969535828, "top_5": {"mean_recall": 0.03963011889035667, "mean_precision": 0.12345679012345678, "f_1": 0.060000000000000005}, "top_10": {"mean_recall": 0.06605019815059446, "mean_precision": 0.102880658436214, "f_1": 0.08045052292839903}, "top_15": {"mean_recall": 0.08269484808454425, "mean_precision": 0.08587105624142662, "f_1": 0.08425302826379544}}