{"process_time_second": 18.730560064315796, "top_5": {"mean_recall": 0.034482758620689655, "mean_precision": 0.2, "f_1": 0.0588235294117647}, "top_10": {"mean_recall": 0.06896551724137931, "mean_precision": 0.2, "f_1": 0.10256410256410257}, "top_15": {"mean_recall": 0.13793103448275862, "mean_precision": 0.26666666666666666, "f_1": 0.18181818181818182}}