{"process_time_second": 7.533682107925415, "top_5": {"mean_recall": 0.10135057139559044, "mean_precision": 0.35618661257606493, "f_1": 0.15780014378145218}, "top_10": {"mean_recall": 0.17430451344799722, "mean_precision": 0.30628803245436104, "f_1": 0.22217317737070552}, "top_15": {"mean_recall": 0.23213667320789566, "mean_precision": 0.27194050033806627, "f_1": 0.2504670569186699}}