{"process_time_second": 13.96565294265747, "top_5": {"mean_recall": 0.10262033937435068, "mean_precision": 0.36064908722109534, "f_1": 0.15977713874910138}, "top_10": {"mean_recall": 0.17638231559505946, "mean_precision": 0.3099391480730223, "f_1": 0.22482159935260798}, "top_15": {"mean_recall": 0.2334064411866559, "mean_precision": 0.27342799188640976, "f_1": 0.251837090546768}}