{"process_time_second": 342.6970970630646, "top_5": {"mean_recall": 0.036988110964332896, "mean_precision": 0.11522633744855967, "f_1": 0.05600000000000001}, "top_10": {"mean_recall": 0.05918097754293263, "mean_precision": 0.09218106995884774, "f_1": 0.07208366854384554}, "top_15": {"mean_recall": 0.07793923381770146, "mean_precision": 0.08093278463648834, "f_1": 0.07940780619111709}}