{"process_time_second": 157.27693104743958, "top_5": {"mean_recall": 0.03619550858652576, "mean_precision": 0.11275720164609053, "f_1": 0.054799999999999995}, "top_10": {"mean_recall": 0.054953764861294586, "mean_precision": 0.08559670781893004, "f_1": 0.066934835076428}, "top_15": {"mean_recall": 0.06816380449141347, "mean_precision": 0.07078189300411522, "f_1": 0.06944818304172273}}