{"process_time_second": 17.860066175460815, "top_5": {"mean_recall": 0.07849474777790603, "mean_precision": 0.27586206896551724, "f_1": 0.12221423436376706}, "top_10": {"mean_recall": 0.1461387510100427, "mean_precision": 0.2567951318458418, "f_1": 0.1862723460604723}, "top_15": {"mean_recall": 0.20039247373888952, "mean_precision": 0.23475321162947937, "f_1": 0.21621621621621623}}