{"process_time_second": 410.52740478515625, "top_5": {"mean_recall": 0.06896551724137931, "mean_precision": 0.4, "f_1": 0.1176470588235294}, "top_10": {"mean_recall": 0.10344827586206896, "mean_precision": 0.3, "f_1": 0.15384615384615385}, "top_15": {"mean_recall": 0.13793103448275862, "mean_precision": 0.26666666666666666, "f_1": 0.18181818181818182}}