{"process_time_second": 296.9428949356079, "top_5": {"mean_recall": 0.03593130779392338, "mean_precision": 0.11193415637860082, "f_1": 0.0544}, "top_10": {"mean_recall": 0.052575957727873185, "mean_precision": 0.08189300411522633, "f_1": 0.06403861625100563}, "top_15": {"mean_recall": 0.0655217965653897, "mean_precision": 0.06803840877914952, "f_1": 0.06675639300134589}}