{"process_time_second": 184.42041492462158, "top_5": {"mean_recall": 0.03249669749009247, "mean_precision": 0.10123456790123457, "f_1": 0.0492}, "top_10": {"mean_recall": 0.049141347424042275, "mean_precision": 0.07654320987654321, "f_1": 0.05985518905872889}, "top_15": {"mean_recall": 0.06684280052840158, "mean_precision": 0.06941015089163237, "f_1": 0.0681022880215343}}