{"process_time_second": 181.61837100982666, "top_5": {"mean_recall": 0.040422721268163805, "mean_precision": 0.1259259259259259, "f_1": 0.061200000000000004}, "top_10": {"mean_recall": 0.06578599735799208, "mean_precision": 0.10246913580246914, "f_1": 0.08012872083668544}, "top_15": {"mean_recall": 0.08428005284015852, "mean_precision": 0.08751714677640604, "f_1": 0.08586810228802154}}