{"process_time_second": 34.75175094604492, "top_5": {"mean_recall": 0.10344827586206896, "mean_precision": 0.6, "f_1": 0.17647058823529413}, "top_10": {"mean_recall": 0.13793103448275862, "mean_precision": 0.4, "f_1": 0.20512820512820515}, "top_15": {"mean_recall": 0.13793103448275862, "mean_precision": 0.26666666666666666, "f_1": 0.18181818181818182}}