{"process_time_second": 8.306449174880981, "top_5": {"mean_recall": 0.10562160914232945, "mean_precision": 0.3711967545638945, "f_1": 0.16445003594536306}, "top_10": {"mean_recall": 0.18030705298395475, "mean_precision": 0.31683569979716025, "f_1": 0.2298241742073126}, "top_15": {"mean_recall": 0.23144407249220825, "mean_precision": 0.2711291413116971, "f_1": 0.24971976584879813}}