{"process_time_second": 10.800871849060059, "top_5": {"mean_recall": 0.011267605633802818, "mean_precision": 0.08, "f_1": 0.019753086419753086}, "top_10": {"mean_recall": 0.016901408450704224, "mean_precision": 0.06, "f_1": 0.02637362637362637}, "top_15": {"mean_recall": 0.02535211267605634, "mean_precision": 0.06, "f_1": 0.03564356435643565}}