{"process_time_second": 9.345019817352295, "top_5": {"mean_recall": 0.022535211267605635, "mean_precision": 0.16, "f_1": 0.03950617283950617}, "top_10": {"mean_recall": 0.028169014084507043, "mean_precision": 0.1, "f_1": 0.04395604395604396}, "top_15": {"mean_recall": 0.0323943661971831, "mean_precision": 0.07666666666666666, "f_1": 0.045544554455445536}}