{"process_time_second": 12.22314190864563, "top_5": {"mean_recall": 0.02112676056338028, "mean_precision": 0.15, "f_1": 0.037037037037037035}, "top_10": {"mean_recall": 0.029577464788732393, "mean_precision": 0.105, "f_1": 0.04615384615384615}, "top_15": {"mean_recall": 0.03380281690140845, "mean_precision": 0.08, "f_1": 0.047524752475247525}}