{"process_time_second": 33.48828387260437, "top_5": {"mean_recall": 0.023943661971830985, "mean_precision": 0.17, "f_1": 0.0419753086419753}, "top_10": {"mean_recall": 0.03380281690140845, "mean_precision": 0.12, "f_1": 0.05274725274725274}, "top_15": {"mean_recall": 0.04647887323943662, "mean_precision": 0.11, "f_1": 0.06534653465346534}}