{"process_time_second": 32.641875982284546, "top_5": {"mean_recall": 0.023943661971830985, "mean_precision": 0.17, "f_1": 0.0419753086419753}, "top_10": {"mean_recall": 0.036619718309859155, "mean_precision": 0.13, "f_1": 0.05714285714285714}, "top_15": {"mean_recall": 0.04647887323943662, "mean_precision": 0.11, "f_1": 0.06534653465346534}}