{"process_time_second": 18.046710968017578, "top_5": {"mean_recall": 0.02676056338028169, "mean_precision": 0.19, "f_1": 0.04691358024691358}, "top_10": {"mean_recall": 0.0323943661971831, "mean_precision": 0.115, "f_1": 0.05054945054945055}, "top_15": {"mean_recall": 0.036619718309859155, "mean_precision": 0.08666666666666667, "f_1": 0.05148514851485148}}