{"process_time_second": 10.919618844985962, "top_5": {"mean_recall": 0.01971830985915493, "mean_precision": 0.14, "f_1": 0.034567901234567905}, "top_10": {"mean_recall": 0.030985915492957747, "mean_precision": 0.11, "f_1": 0.04835164835164835}, "top_15": {"mean_recall": 0.038028169014084505, "mean_precision": 0.09, "f_1": 0.053465346534653464}}