{"process_time_second": 21.692248821258545, "top_5": {"mean_recall": 0.023943661971830985, "mean_precision": 0.17, "f_1": 0.0419753086419753}, "top_10": {"mean_recall": 0.0323943661971831, "mean_precision": 0.115, "f_1": 0.05054945054945055}, "top_15": {"mean_recall": 0.036619718309859155, "mean_precision": 0.08666666666666667, "f_1": 0.05148514851485148}}