{"process_time_second": 37.038387298583984, "top_5": {"mean_recall": 0.016901408450704224, "mean_precision": 0.12, "f_1": 0.029629629629629627}, "top_10": {"mean_recall": 0.0323943661971831, "mean_precision": 0.115, "f_1": 0.05054945054945055}, "top_15": {"mean_recall": 0.04084507042253521, "mean_precision": 0.09666666666666666, "f_1": 0.05742574257425742}}