{"process_time_second": 388.28794264793396, "top_5": {"mean_recall": 0.13314967860422405, "mean_precision": 0.11477572559366754, "f_1": 0.12328184781068441}, "top_10": {"mean_recall": 0.16712580348943984, "mean_precision": 0.07203166226912928, "f_1": 0.10067299714206693}, "top_15": {"mean_recall": 0.19222528313437404, "mean_precision": 0.05523306948109059, "f_1": 0.08580993372958941}}