{"process_time_second": 385.98334312438965, "top_5": {"mean_recall": 0.10927456382001836, "mean_precision": 0.09419525065963061, "f_1": 0.10117613716876861}, "top_10": {"mean_recall": 0.1573308846036119, "mean_precision": 0.06781002638522428, "f_1": 0.09477274822531576}, "top_15": {"mean_recall": 0.18365472910927455, "mean_precision": 0.052770448548812667, "f_1": 0.0819840131174421}}