{"process_time_second": 361.59166193008423, "top_5": {"mean_recall": 0.039791857973676154, "mean_precision": 0.03430079155672823, "f_1": 0.03684285106985971}, "top_10": {"mean_recall": 0.08111417202326293, "mean_precision": 0.03496042216358839, "f_1": 0.04886143634184568}, "top_15": {"mean_recall": 0.10988674625038261, "mean_precision": 0.03157431838170625, "f_1": 0.04905376784860286}}