{"process_time_second": 809.5791110992432, "top_5": {"mean_recall": 0.15304560759106214, "mean_precision": 0.13192612137203166, "f_1": 0.14170327334561428}, "top_10": {"mean_recall": 0.20385674931129477, "mean_precision": 0.08786279683377309, "f_1": 0.12279893057988385}, "top_15": {"mean_recall": 0.23660850933578206, "mean_precision": 0.06798592788038699, "f_1": 0.1056227368996379}}