{"process_time_second": 437.33386993408203, "top_5": {"mean_recall": 0.1426385062748699, "mean_precision": 0.12295514511873351, "f_1": 0.13206745075811252}, "top_10": {"mean_recall": 0.20232629323538415, "mean_precision": 0.08720316622691293, "f_1": 0.12187701668664147}, "top_15": {"mean_recall": 0.2344658708295072, "mean_precision": 0.0673702726473175, "f_1": 0.10466625674660107}}