{"process_time_second": 3366.258242368698, "top_5": {"mean_recall": 0.13957759412304868, "mean_precision": 0.12031662269129288, "f_1": 0.12923338529120024}, "top_10": {"mean_recall": 0.2032445668809305, "mean_precision": 0.08759894459102903, "f_1": 0.1224301650225869}, "top_15": {"mean_recall": 0.24273033363942456, "mean_precision": 0.06974494283201407, "f_1": 0.10835553733688598}}