{"process_time_second": 876.6673245429993, "top_5": {"mean_recall": 0.1665136210590756, "mean_precision": 0.14353562005277046, "f_1": 0.15417316140002835}, "top_10": {"mean_recall": 0.22467095194367923, "mean_precision": 0.09683377308707124, "f_1": 0.13533695952798008}, "top_15": {"mean_recall": 0.2638506274869911, "mean_precision": 0.07581354441512753, "f_1": 0.11778369884539182}}