{"process_time_second": 438.28602051734924, "top_5": {"mean_recall": 0.16590143862871135, "mean_precision": 0.14300791556728232, "f_1": 0.1536063483066459}, "top_10": {"mean_recall": 0.2179369452096725, "mean_precision": 0.09393139841688654, "f_1": 0.13128053839771367}, "top_15": {"mean_recall": 0.2460973370064279, "mean_precision": 0.07071240105540898, "f_1": 0.10985857757737243}}