{"process_time_second": 496.1171758174896, "top_5": {"mean_recall": 0.15426997245179064, "mean_precision": 0.13298153034300791, "f_1": 0.1428368995323792}, "top_10": {"mean_recall": 0.2222222222222222, "mean_precision": 0.09577836411609499, "f_1": 0.1338618972987923}, "top_15": {"mean_recall": 0.2583409856137129, "mean_precision": 0.07423043095866315, "f_1": 0.11532417845186856}}