{"process_time_second": 732.56130027771, "top_5": {"mean_recall": 0.11815120906029997, "mean_precision": 0.10184696569920844, "f_1": 0.10939492702281424}, "top_10": {"mean_recall": 0.1435567799204163, "mean_precision": 0.061873350923482846, "f_1": 0.08647552318613443}, "top_15": {"mean_recall": 0.17079889807162535, "mean_precision": 0.04907651715039578, "f_1": 0.07624513219922116}}