{"process_time_second": 841.9830026626587, "top_5": {"mean_recall": 0.15365779002142638, "mean_precision": 0.1324538258575198, "f_1": 0.14227008643899675}, "top_10": {"mean_recall": 0.20079583715947352, "mean_precision": 0.08654353562005276, "f_1": 0.1209551027933991}, "top_15": {"mean_recall": 0.2317110498928681, "mean_precision": 0.06657871591908532, "f_1": 0.10343649654983944}}