{"process_time_second": 3920.857419013977, "top_5": {"mean_recall": 0.09308419733394098, "mean_precision": 0.07147856517935258, "f_1": 0.08086306725392192}, "top_10": {"mean_recall": 0.15825452888230604, "mean_precision": 0.06076115485564305, "f_1": 0.08780857856307489}, "top_15": {"mean_recall": 0.203600319015609, "mean_precision": 0.0521143190434529, "f_1": 0.08298697378503261}}