{"process_time_second": 1771.938558101654, "top_5": {"mean_recall": 0.2012077019482739, "mean_precision": 0.15450568678915136, "f_1": 0.17479091403968922}, "top_10": {"mean_recall": 0.2818730773612852, "mean_precision": 0.10822397200349956, "f_1": 0.15639915289060277}, "top_15": {"mean_recall": 0.3388401503930728, "mean_precision": 0.08673082531350249, "f_1": 0.1381103861425221}}