{"process_time_second": 2186.0653023719788, "top_5": {"mean_recall": 0.1818388971174661, "mean_precision": 0.13963254593175853, "f_1": 0.15796506161231258}, "top_10": {"mean_recall": 0.2615927993619688, "mean_precision": 0.10043744531933509, "f_1": 0.14514650567373646}, "top_15": {"mean_recall": 0.3093312065626068, "mean_precision": 0.07917760279965004, "f_1": 0.12608261545963267}}