{"process_time_second": 1942.6828815937042, "top_5": {"mean_recall": 0.11655463142303749, "mean_precision": 0.08950131233595801, "f_1": 0.10125204137180185}, "top_10": {"mean_recall": 0.1863962629600091, "mean_precision": 0.0715660542432196, "f_1": 0.10342320700445681}, "top_15": {"mean_recall": 0.23185598723937564, "mean_precision": 0.059346748323126274, "f_1": 0.09450391250841711}}