{"process_time_second": 10573.99771952629, "top_5": {"mean_recall": 0.10960464851315939, "mean_precision": 0.08416447944007, "f_1": 0.09521452961844906}, "top_10": {"mean_recall": 0.18149709467927538, "mean_precision": 0.06968503937007874, "f_1": 0.10070487087903404}, "top_15": {"mean_recall": 0.2342486043067107, "mean_precision": 0.05995917177019539, "f_1": 0.09547913715838112}}