{"process_time_second": 3735.590677499771, "top_5": {"mean_recall": 0.1215677338498348, "mean_precision": 0.09335083114610673, "f_1": 0.10560696788241698}, "top_10": {"mean_recall": 0.1841175800387376, "mean_precision": 0.07069116360454943, "f_1": 0.10215886462053923}, "top_15": {"mean_recall": 0.22182978238578102, "mean_precision": 0.05678040244969379, "f_1": 0.09041725683237745}}