{"process_time_second": 3755.754739046097, "top_5": {"mean_recall": 0.12213740458015267, "mean_precision": 0.09378827646544181, "f_1": 0.10610184589498689}, "top_10": {"mean_recall": 0.18548478979150052, "mean_precision": 0.07121609798775153, "f_1": 0.10291747005088978}, "top_15": {"mean_recall": 0.22684288481257833, "mean_precision": 0.058063575386410035, "f_1": 0.09246058467039729}}