{"process_time_second": 1943.6885259151459, "top_5": {"mean_recall": 0.08499487296342714, "mean_precision": 0.0652668416447944, "f_1": 0.0738357994754293}, "top_10": {"mean_recall": 0.14332915574797767, "mean_precision": 0.05503062117235345, "f_1": 0.07952713594841483}, "top_15": {"mean_recall": 0.18628232881394555, "mean_precision": 0.047681539807524057, "f_1": 0.07592820489005503}}