{"process_time_second": 3280.3523604869843, "top_5": {"mean_recall": 0.09479320952489462, "mean_precision": 0.07279090113735782, "f_1": 0.08234770129163162}, "top_10": {"mean_recall": 0.14025293380426113, "mean_precision": 0.05384951881014873, "f_1": 0.07782027373012611}, "top_15": {"mean_recall": 0.17466104591546086, "mean_precision": 0.044706911636045496, "f_1": 0.0711913994473727}}