{"process_time_second": 1726.5500922203064, "top_5": {"mean_recall": 0.001822946337017204, "mean_precision": 0.0013998250218722659, "f_1": 0.0015836096402236848}, "top_10": {"mean_recall": 0.0023926170673350803, "mean_precision": 0.0009186351706036745, "f_1": 0.0013275595031134431}, "top_15": {"mean_recall": 0.0030762219437165316, "mean_precision": 0.0007874015748031496, "f_1": 0.0012538602642394407}}