{"process_time_second": 1722.481359243393, "top_5": {"mean_recall": 0.10755383388401504, "mean_precision": 0.0825896762904637, "f_1": 0.09343296877319743}, "top_10": {"mean_recall": 0.157456989859861, "mean_precision": 0.06045494313210849, "f_1": 0.08736605872870375}, "top_15": {"mean_recall": 0.1920929702631879, "mean_precision": 0.049168853893263344, "f_1": 0.0782966076113962}}