{"process_time_second": 951.4994206428528, "top_5": {"mean_recall": 0.10751932536893886, "mean_precision": 0.16813186813186815, "f_1": 0.13116159451350193}, "top_10": {"mean_recall": 0.15319747013352072, "mean_precision": 0.11978021978021978, "f_1": 0.13444341658957756}, "top_15": {"mean_recall": 0.18833450456781448, "mean_precision": 0.09816849816849817, "f_1": 0.1290633277149049}}