{"process_time_second": 123.87522435188293, "top_5": {"mean_recall": 0.13070976809557272, "mean_precision": 0.2043956043956044, "f_1": 0.1594513501928847}, "top_10": {"mean_recall": 0.18692902319044272, "mean_precision": 0.14615384615384616, "f_1": 0.16404563675609005}, "top_15": {"mean_recall": 0.2297962052002811, "mean_precision": 0.11978021978021978, "f_1": 0.157476522995425}}