{"process_time_second": 107.3823070526123, "top_5": {"mean_recall": 0.15390021082220662, "mean_precision": 0.24065934065934066, "f_1": 0.18774110587226747}, "top_10": {"mean_recall": 0.2044975404075896, "mean_precision": 0.15989010989010988, "f_1": 0.17946345975948197}, "top_15": {"mean_recall": 0.23190442726633873, "mean_precision": 0.12087912087912088, "f_1": 0.1589212617385023}}