{"process_time_second": 178.38289141654968, "top_5": {"mean_recall": 0.09768095572733661, "mean_precision": 0.15274725274725276, "f_1": 0.1191598799828547}, "top_10": {"mean_recall": 0.12719606465214336, "mean_precision": 0.09945054945054944, "f_1": 0.1116250385445575}, "top_15": {"mean_recall": 0.151791988756149, "mean_precision": 0.07912087912087912, "f_1": 0.10402118950156512}}