{"process_time_second": 108.55937218666077, "top_5": {"mean_recall": 0.14757554462403374, "mean_precision": 0.23076923076923078, "f_1": 0.18002571795970856}, "top_10": {"mean_recall": 0.1848208011243851, "mean_precision": 0.1445054945054945, "f_1": 0.162195497995683}, "top_15": {"mean_recall": 0.21082220660576248, "mean_precision": 0.10989010989010989, "f_1": 0.14447387430772934}}