{"process_time_second": 213.43864488601685, "top_5": {"mean_recall": 0.1567111735769501, "mean_precision": 0.24505494505494504, "f_1": 0.19117016716673813}, "top_10": {"mean_recall": 0.1988756148981026, "mean_precision": 0.1554945054945055, "f_1": 0.17452975639839657}, "top_15": {"mean_recall": 0.22557976106816585, "mean_precision": 0.11758241758241758, "f_1": 0.15458704550927044}}