{"process_time_second": 198.3806073665619, "top_5": {"mean_recall": 0.1567111735769501, "mean_precision": 0.24505494505494504, "f_1": 0.19117016716673813}, "top_10": {"mean_recall": 0.19817287420941673, "mean_precision": 0.15494505494505495, "f_1": 0.17391304347826086}, "top_15": {"mean_recall": 0.23049894588896697, "mean_precision": 0.12014652014652015, "f_1": 0.15795810257645077}}