{"process_time_second": 197.65154552459717, "top_5": {"mean_recall": 0.14898102600140548, "mean_precision": 0.23296703296703297, "f_1": 0.18174024860694388}, "top_10": {"mean_recall": 0.18692902319044272, "mean_precision": 0.14615384615384616, "f_1": 0.16404563675609005}, "top_15": {"mean_recall": 0.2157413914265636, "mean_precision": 0.11245421245421246, "f_1": 0.1478449313749097}}