{"process_time_second": 92.49553322792053, "top_5": {"mean_recall": 0.0421644413211525, "mean_precision": 0.06593406593406594, "f_1": 0.05143591941705958}, "top_10": {"mean_recall": 0.07027406886858749, "mean_precision": 0.054945054945054944, "f_1": 0.06167129201356769}, "top_15": {"mean_recall": 0.08643710470836262, "mean_precision": 0.045054945054945054, "f_1": 0.05923428846616904}}