{"process_time_second": 87.58348345756531, "top_5": {"mean_recall": 0.06113843991567112, "mean_precision": 0.0956043956043956, "f_1": 0.0745820831547364}, "top_10": {"mean_recall": 0.09768095572733661, "mean_precision": 0.07637362637362638, "f_1": 0.08572309589885908}, "top_15": {"mean_recall": 0.11243851018973998, "mean_precision": 0.05860805860805861, "f_1": 0.07705273296412232}}