{"process_time_second": 94.90832448005676, "top_5": {"mean_recall": 0.11595221363316936, "mean_precision": 0.1813186813186813, "f_1": 0.14144877839691386}, "top_10": {"mean_recall": 0.1482782853127196, "mean_precision": 0.11593406593406594, "f_1": 0.13012642614862782}, "top_15": {"mean_recall": 0.1735769501054111, "mean_precision": 0.09047619047619047, "f_1": 0.11895015651336385}}