{"process_time_second": 44.27654409408569, "top_5": {"mean_recall": 0.1181322013341419, "mean_precision": 0.4, "f_1": 0.18239700374531834}, "top_10": {"mean_recall": 0.1941782898726501, "mean_precision": 0.3287474332648871, "f_1": 0.24414792222645829}, "top_15": {"mean_recall": 0.2671922377198302, "mean_precision": 0.301574264202601, "f_1": 0.28334405144694536}}