{"process_time_second": 73.23269987106323, "top_5": {"mean_recall": 0.11218920557913888, "mean_precision": 0.3798767967145791, "f_1": 0.17322097378277154}, "top_10": {"mean_recall": 0.1979381443298969, "mean_precision": 0.3351129363449692, "f_1": 0.24887533358749522}, "top_15": {"mean_recall": 0.2720436628259551, "mean_precision": 0.30704996577686516, "f_1": 0.2884887459807074}}