{"process_time_second": 23.985019207000732, "top_5": {"mean_recall": 0.10842935112189206, "mean_precision": 0.36714579055441476, "f_1": 0.16741573033707866}, "top_10": {"mean_recall": 0.200970285021225, "mean_precision": 0.3402464065708419, "f_1": 0.25268776210446053}, "top_15": {"mean_recall": 0.28174651303820497, "mean_precision": 0.31800136892539355, "f_1": 0.29877813504823153}}