{"process_time_second": 49.84380292892456, "top_5": {"mean_recall": 0.09714978775015161, "mean_precision": 0.328952772073922, "f_1": 0.15000000000000002}, "top_10": {"mean_recall": 0.1626440266828381, "mean_precision": 0.2753593429158111, "f_1": 0.2044986656500191}, "top_15": {"mean_recall": 0.22716798059429957, "mean_precision": 0.2563997262149213, "f_1": 0.24090032154340835}}