{"process_time_second": 20.10936141014099, "top_5": {"mean_recall": 0.07665251667677381, "mean_precision": 0.2595482546201232, "f_1": 0.11835205992509364}, "top_10": {"mean_recall": 0.14348089751364462, "mean_precision": 0.24291581108829569, "f_1": 0.1804041174227983}, "top_15": {"mean_recall": 0.20909642207398424, "mean_precision": 0.23600273785078713, "f_1": 0.22173633440514473}}