{"process_time_second": 26.19166874885559, "top_5": {"mean_recall": 0.09278350515463918, "mean_precision": 0.3141683778234086, "f_1": 0.14325842696629212}, "top_10": {"mean_recall": 0.14918132201334142, "mean_precision": 0.25256673511293637, "f_1": 0.1875714830346931}, "top_15": {"mean_recall": 0.20751970891449364, "mean_precision": 0.23422313483915128, "f_1": 0.22006430868167204}}