{"process_time_second": 24.35084056854248, "top_5": {"mean_recall": 0.1181322013341419, "mean_precision": 0.4, "f_1": 0.18239700374531834}, "top_10": {"mean_recall": 0.19296543359611887, "mean_precision": 0.326694045174538, "f_1": 0.2426229508196721}, "top_15": {"mean_recall": 0.2644026682838084, "mean_precision": 0.29842573579739906, "f_1": 0.28038585209003214}}