{"process_time_second": 29.772926807403564, "top_5": {"mean_recall": 0.096543359611886, "mean_precision": 0.3268993839835729, "f_1": 0.149063670411985}, "top_10": {"mean_recall": 0.1632504548211037, "mean_precision": 0.2763860369609856, "f_1": 0.20526115135341214}, "top_15": {"mean_recall": 0.22922983626440266, "mean_precision": 0.2587268993839836, "f_1": 0.24308681672025723}}