{"process_time_second": 51.87449288368225, "top_5": {"mean_recall": 0.09739235900545785, "mean_precision": 0.3297741273100616, "f_1": 0.150374531835206}, "top_10": {"mean_recall": 0.16409945421467556, "mean_precision": 0.27782340862423, "f_1": 0.2063286313381624}, "top_15": {"mean_recall": 0.22546998180715586, "mean_precision": 0.2544832306639288, "f_1": 0.2390996784565916}}