{"process_time_second": 26.740322589874268, "top_5": {"mean_recall": 0.09241964827167981, "mean_precision": 0.3129363449691992, "f_1": 0.14269662921348314}, "top_10": {"mean_recall": 0.15148574893875075, "mean_precision": 0.2564681724845996, "f_1": 0.19046892870758675}, "top_15": {"mean_recall": 0.20921770770163736, "mean_precision": 0.23613963039014374, "f_1": 0.22186495176848875}}