{"process_time_second": 55.660884141922, "top_5": {"mean_recall": 0.08004851425106124, "mean_precision": 0.27104722792607805, "f_1": 0.12359550561797752}, "top_10": {"mean_recall": 0.1427531837477259, "mean_precision": 0.24168377823408624, "f_1": 0.17948913457872664}, "top_15": {"mean_recall": 0.2047301394784718, "mean_precision": 0.23107460643394934, "f_1": 0.21710610932475885}}