{"process_time_second": 11.717814922332764, "top_5": {"mean_recall": 0.16222125054656755, "mean_precision": 0.3022403258655805, "f_1": 0.21112533788590127}, "top_10": {"mean_recall": 0.3021425448185396, "mean_precision": 0.2814663951120163, "f_1": 0.2914382117250105}, "top_15": {"mean_recall": 0.42807170966331437, "mean_precision": 0.2658520027155465, "f_1": 0.3280006700728704}}