{"process_time_second": 13.829583168029785, "top_5": {"mean_recall": 0.22365544381285526, "mean_precision": 0.41670061099796335, "f_1": 0.29107981220657275}, "top_10": {"mean_recall": 0.4175776125929165, "mean_precision": 0.3890020366598778, "f_1": 0.4027836355967946}, "top_15": {"mean_recall": 0.5668998688237866, "mean_precision": 0.3520706042090971, "f_1": 0.434374738252785}}