{"process_time_second": 9.217437982559204, "top_5": {"mean_recall": 0.09160472234368168, "mean_precision": 0.17067209775967412, "f_1": 0.1192203727414995}, "top_10": {"mean_recall": 0.21818976825535635, "mean_precision": 0.20325865580448066, "f_1": 0.2104597216364403}, "top_15": {"mean_recall": 0.3410581547879318, "mean_precision": 0.21181262729124237, "f_1": 0.26132841946561686}}