{"process_time_second": 21.344751358032227, "top_5": {"mean_recall": 0.2540445999125492, "mean_precision": 0.4733197556008147, "f_1": 0.33063024612320385}, "top_10": {"mean_recall": 0.4433756012243113, "mean_precision": 0.4130346232179226, "f_1": 0.4276676507802615}, "top_15": {"mean_recall": 0.5986007870572803, "mean_precision": 0.3717583163611677, "f_1": 0.4586648798056788}}