{"process_time_second": 14.088101863861084, "top_5": {"mean_recall": 0.2319632706602536, "mean_precision": 0.4321792260692464, "f_1": 0.30189216104709066}, "top_10": {"mean_recall": 0.4219501530389156, "mean_precision": 0.39307535641547864, "f_1": 0.4070012652889076}, "top_15": {"mean_recall": 0.5717096633143857, "mean_precision": 0.35505770536320436, "f_1": 0.4380601390401206}}