{"process_time_second": 12.00264596939087, "top_5": {"mean_recall": 0.24617402710975075, "mean_precision": 0.45865580448065174, "f_1": 0.3203869682742922}, "top_10": {"mean_recall": 0.4344118933100131, "mean_precision": 0.4046843177189409, "f_1": 0.4190215099114298}, "top_15": {"mean_recall": 0.5878880629645824, "mean_precision": 0.3651052274270197, "f_1": 0.4504564871429768}}