{"process_time_second": 21.90448808670044, "top_5": {"mean_recall": 0.1965456930476607, "mean_precision": 0.3661914460285132, "f_1": 0.2557974107269882}, "top_10": {"mean_recall": 0.31875819851333625, "mean_precision": 0.2969450101832994, "f_1": 0.30746520455504006}, "top_15": {"mean_recall": 0.4090511587232182, "mean_precision": 0.25403937542430416, "f_1": 0.3134265851411341}}