{"process_time_second": 27.61868453025818, "top_5": {"mean_recall": 0.18670747704416266, "mean_precision": 0.3478615071283096, "f_1": 0.24299331341584862}, "top_10": {"mean_recall": 0.3666375163970267, "mean_precision": 0.3415478615071283, "f_1": 0.35364824968367775}, "top_15": {"mean_recall": 0.5205509400961958, "mean_precision": 0.323285811269518, "f_1": 0.39886087612027804}}