{"process_time_second": 25.094358444213867, "top_5": {"mean_recall": 0.24989068648885002, "mean_precision": 0.4655804480651731, "f_1": 0.325224071702945}, "top_10": {"mean_recall": 0.44075207695671187, "mean_precision": 0.41059063136456214, "f_1": 0.4251370729649937}, "top_15": {"mean_recall": 0.5983821600349803, "mean_precision": 0.37162253903598097, "f_1": 0.45849736158807275}}