{"process_time_second": 14.723053455352783, "top_5": {"mean_recall": 0.21840839527765632, "mean_precision": 0.4069246435845214, "f_1": 0.28425096030729835}, "top_10": {"mean_recall": 0.4086139046786183, "mean_precision": 0.3806517311608961, "f_1": 0.39413749472796283}, "top_15": {"mean_recall": 0.5677743769129865, "mean_precision": 0.35261371350984383, "f_1": 0.43504481112320964}}