{"process_time_second": 24.554296493530273, "top_5": {"mean_recall": 0.24770441626585046, "mean_precision": 0.4615071283095723, "f_1": 0.3223787167449139}, "top_10": {"mean_recall": 0.4374726716222125, "mean_precision": 0.4075356415478615, "f_1": 0.42197385069590887}, "top_15": {"mean_recall": 0.5924792304328815, "mean_precision": 0.36795655125594023, "f_1": 0.4539743697127062}}