{"process_time_second": 27.62365412712097, "top_5": {"mean_recall": 0.09019607843137255, "mean_precision": 0.23, "f_1": 0.1295774647887324}, "top_10": {"mean_recall": 0.11764705882352941, "mean_precision": 0.15, "f_1": 0.13186813186813187}, "top_15": {"mean_recall": 0.13725490196078433, "mean_precision": 0.11666666666666667, "f_1": 0.12612612612612614}}