{"process_time_second": 29.275888919830322, "top_5": {"mean_recall": 0.0784313725490196, "mean_precision": 0.2, "f_1": 0.11267605633802816}, "top_10": {"mean_recall": 0.11764705882352941, "mean_precision": 0.15, "f_1": 0.13186813186813187}, "top_15": {"mean_recall": 0.1450980392156863, "mean_precision": 0.12333333333333334, "f_1": 0.13333333333333336}}