{"process_time_second": 25.096558332443237, "top_5": {"mean_recall": 0.08235294117647059, "mean_precision": 0.21, "f_1": 0.11830985915492956}, "top_10": {"mean_recall": 0.09411764705882353, "mean_precision": 0.12, "f_1": 0.1054945054945055}, "top_15": {"mean_recall": 0.11372549019607843, "mean_precision": 0.09666666666666666, "f_1": 0.1045045045045045}}