{"process_time_second": 15.34097409248352, "top_5": {"mean_recall": 0.07450980392156863, "mean_precision": 0.19, "f_1": 0.10704225352112676}, "top_10": {"mean_recall": 0.11764705882352941, "mean_precision": 0.15, "f_1": 0.13186813186813187}, "top_15": {"mean_recall": 0.14901960784313725, "mean_precision": 0.12666666666666668, "f_1": 0.13693693693693695}}