{"process_time_second": 17.040398597717285, "top_5": {"mean_recall": 0.054901960784313725, "mean_precision": 0.14, "f_1": 0.07887323943661972}, "top_10": {"mean_recall": 0.09803921568627451, "mean_precision": 0.125, "f_1": 0.1098901098901099}, "top_15": {"mean_recall": 0.12156862745098039, "mean_precision": 0.10333333333333333, "f_1": 0.1117117117117117}}