{"process_time_second": 108.85572934150696, "top_5": {"mean_recall": 0.06274509803921569, "mean_precision": 0.16, "f_1": 0.09014084507042254}, "top_10": {"mean_recall": 0.12549019607843137, "mean_precision": 0.16, "f_1": 0.14065934065934066}, "top_15": {"mean_recall": 0.14901960784313725, "mean_precision": 0.12666666666666668, "f_1": 0.13693693693693695}}