{"process_time_second": 27.67195725440979, "top_5": {"mean_recall": 0.08627450980392157, "mean_precision": 0.22, "f_1": 0.12394366197183097}, "top_10": {"mean_recall": 0.10980392156862745, "mean_precision": 0.14, "f_1": 0.12307692307692308}, "top_15": {"mean_recall": 0.13725490196078433, "mean_precision": 0.11666666666666667, "f_1": 0.12612612612612614}}