{"process_time_second": 13.124145984649658, "top_5": {"mean_recall": 0.050980392156862744, "mean_precision": 0.13, "f_1": 0.07323943661971832}, "top_10": {"mean_recall": 0.10196078431372549, "mean_precision": 0.13, "f_1": 0.1142857142857143}, "top_15": {"mean_recall": 0.13725490196078433, "mean_precision": 0.11666666666666667, "f_1": 0.12612612612612614}}