{"process_time_second": 12.240846633911133, "top_5": {"mean_recall": 0.050980392156862744, "mean_precision": 0.13, "f_1": 0.07323943661971832}, "top_10": {"mean_recall": 0.07450980392156863, "mean_precision": 0.095, "f_1": 0.08351648351648353}, "top_15": {"mean_recall": 0.09803921568627451, "mean_precision": 0.08333333333333333, "f_1": 0.09009009009009009}}