{"process_time_second": 15.167211055755615, "top_5": {"mean_recall": 0.050980392156862744, "mean_precision": 0.13, "f_1": 0.07323943661971832}, "top_10": {"mean_recall": 0.09411764705882353, "mean_precision": 0.12, "f_1": 0.1054945054945055}, "top_15": {"mean_recall": 0.11764705882352941, "mean_precision": 0.1, "f_1": 0.1081081081081081}}