{"process_time_second": 13.440658569335938, "top_5": {"mean_recall": 0.06666666666666667, "mean_precision": 0.17, "f_1": 0.09577464788732394}, "top_10": {"mean_recall": 0.09411764705882353, "mean_precision": 0.12, "f_1": 0.1054945054945055}, "top_15": {"mean_recall": 0.11764705882352941, "mean_precision": 0.1, "f_1": 0.1081081081081081}}