{"process_time_second": 59.66515302658081, "top_5": {"mean_recall": 0.26910555174777245, "mean_precision": 0.3196946564885496, "f_1": 0.2922268223473043}, "top_10": {"mean_recall": 0.49768677176148046, "mean_precision": 0.2956234096692112, "f_1": 0.37092139710107913}, "top_15": {"mean_recall": 0.6695510623714873, "mean_precision": 0.26513994910941474, "f_1": 0.37985758378496604}}