{"process_time_second": 52.84603500366211, "top_5": {"mean_recall": 0.26739204934886907, "mean_precision": 0.3176590330788804, "f_1": 0.2903660975950132}, "top_10": {"mean_recall": 0.4273474982864976, "mean_precision": 0.25384223918575066, "f_1": 0.31849818019283577}, "top_15": {"mean_recall": 0.5501199451679233, "mean_precision": 0.2178456318914334, "f_1": 0.3121005176562082}}