{"process_time_second": 68.82583498954773, "top_5": {"mean_recall": 0.28084304318026043, "mean_precision": 0.3336386768447837, "f_1": 0.3049727869004978}, "top_10": {"mean_recall": 0.5221041809458533, "mean_precision": 0.3101272264631043, "f_1": 0.38911946874401376}, "top_15": {"mean_recall": 0.7027073337902673, "mean_precision": 0.2782697201017812, "f_1": 0.39866818966145773}}