{"process_time_second": 31.15791368484497, "top_5": {"mean_recall": 0.26456477039067855, "mean_precision": 0.3143002544529262, "f_1": 0.2872959017537331}, "top_10": {"mean_recall": 0.4515935572309801, "mean_precision": 0.2682442748091603, "f_1": 0.33656854606985503}, "top_15": {"mean_recall": 0.6019533927347498, "mean_precision": 0.23837150127226464, "f_1": 0.3415072787809561}}