{"process_time_second": 76.20332336425781, "top_5": {"mean_recall": 0.25899588759424264, "mean_precision": 0.30768447837150126, "f_1": 0.28124854630878726}, "top_10": {"mean_recall": 0.48200822481151473, "mean_precision": 0.28631043256997457, "f_1": 0.3592363195198263}, "top_15": {"mean_recall": 0.6570424948594928, "mean_precision": 0.260186598812553, "f_1": 0.37276107614163856}}