{"process_time_second": 71.35032248497009, "top_5": {"mean_recall": 0.2839273474982865, "mean_precision": 0.3373027989821883, "f_1": 0.3083220914546216}, "top_10": {"mean_recall": 0.5277587388622345, "mean_precision": 0.31348600508905855, "f_1": 0.39333375901921974}, "top_15": {"mean_recall": 0.7090472926662097, "mean_precision": 0.28078032230703986, "f_1": 0.4022650496998566}}