{"process_time_second": 26.45986318588257, "top_5": {"mean_recall": 0.16115490061686086, "mean_precision": 0.19145038167938933, "f_1": 0.1750011629529702}, "top_10": {"mean_recall": 0.35400959561343387, "mean_precision": 0.2102798982188295, "f_1": 0.26384011238107397}, "top_15": {"mean_recall": 0.5314427690198766, "mean_precision": 0.2104495335029686, "f_1": 0.301504362407952}}