{"process_time_second": 33.73391675949097, "top_5": {"mean_recall": 0.26482179575051407, "mean_precision": 0.3146055979643766, "f_1": 0.28757501046657674}, "top_10": {"mean_recall": 0.486720356408499, "mean_precision": 0.28910941475826973, "f_1": 0.3627482280824979}, "top_15": {"mean_recall": 0.6587559972583962, "mean_precision": 0.2608651399491094, "f_1": 0.37373320047634095}}