{"process_time_second": 41.10660672187805, "top_5": {"mean_recall": 0.28803975325565456, "mean_precision": 0.3421882951653944, "f_1": 0.31278783086012}, "top_10": {"mean_recall": 0.5370973269362577, "mean_precision": 0.3190330788804071, "f_1": 0.4002937232616052}, "top_15": {"mean_recall": 0.7167580534612749, "mean_precision": 0.2838337574215437, "f_1": 0.40663960920601744}}