{"process_time_second": 41.476948738098145, "top_5": {"mean_recall": 0.2837559972583962, "mean_precision": 0.3370992366412214, "f_1": 0.30813601897939247}, "top_10": {"mean_recall": 0.53315627141878, "mean_precision": 0.31669211195928754, "f_1": 0.3973564906455526}, "top_15": {"mean_recall": 0.7129026730637423, "mean_precision": 0.2823070398642918, "f_1": 0.404452329452937}}