{"process_time_second": 42.52407670021057, "top_5": {"mean_recall": 0.2785298149417409, "mean_precision": 0.33089058524173026, "f_1": 0.30246080848490486}, "top_10": {"mean_recall": 0.5139650445510624, "mean_precision": 0.30529262086514, "f_1": 0.38305344486303555}, "top_15": {"mean_recall": 0.6936257710760795, "mean_precision": 0.27467345207803223, "f_1": 0.39351593068753493}}