{"process_time_second": 239.39810276031494, "top_5": {"mean_recall": 0.098, "mean_precision": 0.14271844660194175, "f_1": 0.11620553359683795}, "top_10": {"mean_recall": 0.15733333333333333, "mean_precision": 0.1145631067961165, "f_1": 0.13258426966292136}, "top_15": {"mean_recall": 0.196, "mean_precision": 0.09514563106796116, "f_1": 0.1281045751633987}}