{"process_time_second": 583.2096743583679, "top_5": {"mean_recall": 0.092, "mean_precision": 0.13398058252427184, "f_1": 0.10909090909090909}, "top_10": {"mean_recall": 0.16333333333333333, "mean_precision": 0.11893203883495146, "f_1": 0.13764044943820225}, "top_15": {"mean_recall": 0.21266666666666667, "mean_precision": 0.10323624595469255, "f_1": 0.13899782135076252}}