{"process_time_second": 136.15024065971375, "top_5": {"mean_recall": 0.14266666666666666, "mean_precision": 0.20776699029126214, "f_1": 0.1691699604743083}, "top_10": {"mean_recall": 0.212, "mean_precision": 0.15436893203883495, "f_1": 0.17865168539325846}, "top_15": {"mean_recall": 0.258, "mean_precision": 0.12524271844660195, "f_1": 0.16862745098039217}}