{"process_time_second": 227.78238368034363, "top_5": {"mean_recall": 0.12466666666666666, "mean_precision": 0.18155339805825244, "f_1": 0.14782608695652175}, "top_10": {"mean_recall": 0.18466666666666667, "mean_precision": 0.13446601941747574, "f_1": 0.1556179775280899}, "top_15": {"mean_recall": 0.222, "mean_precision": 0.10776699029126213, "f_1": 0.1450980392156863}}