{"process_time_second": 226.9833059310913, "top_5": {"mean_recall": 0.12533333333333332, "mean_precision": 0.1825242718446602, "f_1": 0.1486166007905138}, "top_10": {"mean_recall": 0.18266666666666667, "mean_precision": 0.13300970873786408, "f_1": 0.15393258426966291}, "top_15": {"mean_recall": 0.22266666666666668, "mean_precision": 0.1080906148867314, "f_1": 0.14553376906318086}}