{"process_time_second": 110.61987352371216, "top_5": {"mean_recall": 0.12533333333333332, "mean_precision": 0.1825242718446602, "f_1": 0.1486166007905138}, "top_10": {"mean_recall": 0.19333333333333333, "mean_precision": 0.1407766990291262, "f_1": 0.16292134831460675}, "top_15": {"mean_recall": 0.25266666666666665, "mean_precision": 0.1226537216828479, "f_1": 0.16514161220043574}}