{"process_time_second": 212.33624458312988, "top_5": {"mean_recall": 0.10733333333333334, "mean_precision": 0.1563106796116505, "f_1": 0.12727272727272726}, "top_10": {"mean_recall": 0.14933333333333335, "mean_precision": 0.1087378640776699, "f_1": 0.12584269662921346}, "top_15": {"mean_recall": 0.188, "mean_precision": 0.0912621359223301, "f_1": 0.12287581699346405}}