{"process_time_second": 121.24188685417175, "top_5": {"mean_recall": 0.08933333333333333, "mean_precision": 0.13009708737864079, "f_1": 0.10592885375494072}, "top_10": {"mean_recall": 0.146, "mean_precision": 0.10631067961165049, "f_1": 0.12303370786516853}, "top_15": {"mean_recall": 0.194, "mean_precision": 0.0941747572815534, "f_1": 0.12679738562091505}}