{"process_time_second": 112.65136337280273, "top_5": {"mean_recall": 0.118, "mean_precision": 0.17184466019417477, "f_1": 0.1399209486166008}, "top_10": {"mean_recall": 0.166, "mean_precision": 0.12087378640776698, "f_1": 0.1398876404494382}, "top_15": {"mean_recall": 0.204, "mean_precision": 0.09902912621359224, "f_1": 0.13333333333333333}}