{"process_time_second": 7.056515216827393, "top_5": {"mean_recall": 0.6021314387211367, "mean_precision": 0.1808, "f_1": 0.2780968006562756}, "top_10": {"mean_recall": 0.7619893428063943, "mean_precision": 0.1144, "f_1": 0.19893345699049386}, "top_15": {"mean_recall": 0.8365896980461812, "mean_precision": 0.08373333333333334, "f_1": 0.15223012281835813}}