{"process_time_second": 11.539655447006226, "top_5": {"mean_recall": 0.6536412078152753, "mean_precision": 0.19626666666666667, "f_1": 0.3018867924528302}, "top_10": {"mean_recall": 0.8081705150976909, "mean_precision": 0.12133333333333333, "f_1": 0.2109900301414329}, "top_15": {"mean_recall": 0.8827708703374778, "mean_precision": 0.08835555555555556, "f_1": 0.16063348416289594}}