{"process_time_second": 5.52796196937561, "top_5": {"mean_recall": 0.6341030195381883, "mean_precision": 0.1904, "f_1": 0.29286300246103364}, "top_10": {"mean_recall": 0.7122557726465364, "mean_precision": 0.10693333333333334, "f_1": 0.18594945513563646}, "top_15": {"mean_recall": 0.7921847246891652, "mean_precision": 0.0792888888888889, "f_1": 0.14414996767937946}}