{"process_time_second": 6.993046045303345, "top_5": {"mean_recall": 0.6714031971580817, "mean_precision": 0.2016, "f_1": 0.310090237899918}, "top_10": {"mean_recall": 0.8312611012433393, "mean_precision": 0.1248, "f_1": 0.2170183167169024}, "top_15": {"mean_recall": 0.8987566607460036, "mean_precision": 0.08995555555555555, "f_1": 0.16354234001292825}}