{"process_time_second": 5.7017738819122314, "top_5": {"mean_recall": 0.6341030195381883, "mean_precision": 0.1904, "f_1": 0.29286300246103364}, "top_10": {"mean_recall": 0.7975133214920072, "mean_precision": 0.11973333333333333, "f_1": 0.20820774402967773}, "top_15": {"mean_recall": 0.8738898756660746, "mean_precision": 0.08746666666666666, "f_1": 0.15901745313510018}}