{"process_time_second": 9.993996381759644, "top_5": {"mean_recall": 0.6589698046181173, "mean_precision": 0.19786666666666666, "f_1": 0.3043478260869565}, "top_10": {"mean_recall": 0.8206039076376554, "mean_precision": 0.1232, "f_1": 0.21423603060514726}, "top_15": {"mean_recall": 0.9094138543516874, "mean_precision": 0.09102222222222223, "f_1": 0.16548157724628318}}