{"process_time_second": 7.1162121295928955, "top_5": {"mean_recall": 0.6483126110124334, "mean_precision": 0.19466666666666665, "f_1": 0.2994257588187038}, "top_10": {"mean_recall": 0.8010657193605684, "mean_precision": 0.12026666666666666, "f_1": 0.2091351727335961}, "top_15": {"mean_recall": 0.8685612788632326, "mean_precision": 0.08693333333333333, "f_1": 0.15804783451842275}}