{"process_time_second": 13.020630121231079, "top_5": {"mean_recall": 0.5701598579040853, "mean_precision": 0.1712, "f_1": 0.2633305988515176}, "top_10": {"mean_recall": 0.7317939609236235, "mean_precision": 0.10986666666666667, "f_1": 0.19105031300718756}, "top_15": {"mean_recall": 0.8241563055062167, "mean_precision": 0.08248888888888889, "f_1": 0.14996767937944408}}