{"process_time_second": 11.921635627746582, "top_5": {"mean_recall": 0.6696269982238011, "mean_precision": 0.20106666666666667, "f_1": 0.3092698933552092}, "top_10": {"mean_recall": 0.8188277087033747, "mean_precision": 0.12293333333333334, "f_1": 0.21377231625318804}, "top_15": {"mean_recall": 0.9005328596802842, "mean_precision": 0.09013333333333333, "f_1": 0.1638655462184874}}