{"process_time_second": 4.786567211151123, "top_5": {"mean_recall": 0.4280639431616341, "mean_precision": 0.12853333333333333, "f_1": 0.19770303527481545}, "top_10": {"mean_recall": 0.5612788632326821, "mean_precision": 0.08426666666666667, "f_1": 0.146533735219105}, "top_15": {"mean_recall": 0.6696269982238011, "mean_precision": 0.06702222222222222, "f_1": 0.1218487394957983}}