{"process_time_second": 8.928121089935303, "top_5": {"mean_recall": 0.5950266429840142, "mean_precision": 0.17866666666666667, "f_1": 0.27481542247744056}, "top_10": {"mean_recall": 0.6518650088809946, "mean_precision": 0.09786666666666667, "f_1": 0.1701831671690239}, "top_15": {"mean_recall": 0.69449378330373, "mean_precision": 0.0695111111111111, "f_1": 0.12637362637362637}}