{"process_time_second": 505.4260697364807, "top_5": {"mean_recall": 0.02970099478379842, "mean_precision": 0.1694308943089431, "f_1": 0.050542041568646466}, "top_10": {"mean_recall": 0.05062280876777927, "mean_precision": 0.144390243902439, "f_1": 0.07496359453812548}, "top_15": {"mean_recall": 0.05991505857537839, "mean_precision": 0.11392953929539296, "f_1": 0.07853099957035847}}