{"process_time_second": 690.8628199100494, "top_5": {"mean_recall": 0.03212382065387795, "mean_precision": 0.1832520325203252, "f_1": 0.0546649528290447}, "top_10": {"mean_recall": 0.06059915058575378, "mean_precision": 0.17284552845528456, "f_1": 0.08973682544372455}, "top_15": {"mean_recall": 0.08602457030470598, "mean_precision": 0.16357723577235772, "f_1": 0.11275288140025778}}