{"process_time_second": 522.0144579410553, "top_5": {"mean_recall": 0.06846620870507084, "mean_precision": 0.3905691056910569, "f_1": 0.11650862173501807}, "top_10": {"mean_recall": 0.09862326482911951, "mean_precision": 0.2813008130081301, "f_1": 0.14604393980963637}, "top_15": {"mean_recall": 0.12282301969614913, "mean_precision": 0.233550135501355, "f_1": 0.16098481310593465}}