{"process_time_second": 4816.342884540558, "top_5": {"mean_recall": 0.08172049140609412, "mean_precision": 0.4661788617886179, "f_1": 0.1390633715713142}, "top_10": {"mean_recall": 0.14380184134766125, "mean_precision": 0.41016260162601625, "f_1": 0.21294557119642063}, "top_15": {"mean_recall": 0.19667645298292621, "mean_precision": 0.37398373983739835, "f_1": 0.25778491771430706}}