{"process_time_second": 517.691721200943, "top_5": {"mean_recall": 0.0028218795427985065, "mean_precision": 0.016097560975609757, "f_1": 0.004801978997404991}, "top_10": {"mean_recall": 0.014622466721774079, "mean_precision": 0.041707317073170734, "f_1": 0.02165333558449233}, "top_15": {"mean_recall": 0.029387452612376366, "mean_precision": 0.055880758807588075, "f_1": 0.038518297125137775}}