{"process_time_second": 602.7260756492615, "top_5": {"mean_recall": 0.05963002023772197, "mean_precision": 0.34016260162601625, "f_1": 0.10147212184415395}, "top_10": {"mean_recall": 0.08901747285009834, "mean_precision": 0.25390243902439025, "f_1": 0.13181942890910245}, "top_15": {"mean_recall": 0.1115925091924864, "mean_precision": 0.2121951219512195, "f_1": 0.14626492070311772}}