{"process_time_second": 1100.9999108314514, "top_5": {"mean_recall": 0.06818117036741442, "mean_precision": 0.3889430894308943, "f_1": 0.1160235733514418}, "top_10": {"mean_recall": 0.0993643645070262, "mean_precision": 0.28341463414634144, "f_1": 0.14714137981976658}, "top_15": {"mean_recall": 0.12165436251175783, "mean_precision": 0.2313279132791328, "f_1": 0.15945304765284965}}