{"process_time_second": 1125.5952005386353, "top_5": {"mean_recall": 0.0690647892141493, "mean_precision": 0.3939837398373984, "f_1": 0.1175272233405282}, "top_10": {"mean_recall": 0.100333494855058, "mean_precision": 0.2861788617886179, "f_1": 0.14857649367916764}, "top_15": {"mean_recall": 0.12356411937405581, "mean_precision": 0.23495934959349593, "f_1": 0.16195617656398859}}