{"process_time_second": 1200.8892133235931, "top_5": {"mean_recall": 0.024456289370920387, "mean_precision": 0.13951219512195123, "f_1": 0.04161715131084325}, "top_10": {"mean_recall": 0.044579996009463274, "mean_precision": 0.12715447154471546, "f_1": 0.06601523753244834}, "top_15": {"mean_recall": 0.06219536527662971, "mean_precision": 0.11826558265582655, "f_1": 0.08151981021052435}}