{"process_time_second": 971.2304887771606, "top_5": {"mean_recall": 0.06820967420118006, "mean_precision": 0.38910569105691056, "f_1": 0.11607207818979944}, "top_10": {"mean_recall": 0.09791066898497848, "mean_precision": 0.27926829268292686, "f_1": 0.14498870903066502}, "top_15": {"mean_recall": 0.12265199669355528, "mean_precision": 0.2332249322493225, "f_1": 0.1607606523079222}}