{"process_time_second": 598.5034670829773, "top_5": {"mean_recall": 0.06399110680386512, "mean_precision": 0.3650406504065041, "f_1": 0.10889336211287076}, "top_10": {"mean_recall": 0.09525981244477383, "mean_precision": 0.27170731707317075, "f_1": 0.14106325053289154}, "top_15": {"mean_recall": 0.116552176267708, "mean_precision": 0.2216260162601626, "f_1": 0.15276558384547848}}