{"process_time_second": 106.09179377555847, "top_5": {"mean_recall": 0.16736401673640167, "mean_precision": 0.08888888888888889, "f_1": 0.11611030478955006}, "top_10": {"mean_recall": 0.2217573221757322, "mean_precision": 0.058888888888888886, "f_1": 0.09306409130816505}, "top_15": {"mean_recall": 0.26359832635983266, "mean_precision": 0.04666666666666667, "f_1": 0.07929515418502203}}