{"process_time_second": 53.66531276702881, "top_5": {"mean_recall": 0.16736401673640167, "mean_precision": 0.08888888888888889, "f_1": 0.11611030478955006}, "top_10": {"mean_recall": 0.2301255230125523, "mean_precision": 0.06111111111111111, "f_1": 0.09657594381035997}, "top_15": {"mean_recall": 0.2510460251046025, "mean_precision": 0.044444444444444446, "f_1": 0.07551919446192573}}