{"process_time_second": 60.634005069732666, "top_5": {"mean_recall": 0.19246861924686193, "mean_precision": 0.10222222222222223, "f_1": 0.1335268505079826}, "top_10": {"mean_recall": 0.25523012552301255, "mean_precision": 0.06777777777777778, "f_1": 0.10711150131694469}, "top_15": {"mean_recall": 0.28870292887029286, "mean_precision": 0.051111111111111114, "f_1": 0.0868470736312146}}