{"process_time_second": 100.74970293045044, "top_5": {"mean_recall": 0.18410041841004185, "mean_precision": 0.09777777777777778, "f_1": 0.12772133526850507}, "top_10": {"mean_recall": 0.24267782426778242, "mean_precision": 0.06444444444444444, "f_1": 0.10184372256365232}, "top_15": {"mean_recall": 0.2803347280334728, "mean_precision": 0.04962962962962963, "f_1": 0.0843297671491504}}