{"process_time_second": 53.195547342300415, "top_5": {"mean_recall": 0.13807531380753138, "mean_precision": 0.07333333333333333, "f_1": 0.09579100145137882}, "top_10": {"mean_recall": 0.1799163179916318, "mean_precision": 0.04777777777777778, "f_1": 0.07550482879719053}, "top_15": {"mean_recall": 0.2217573221757322, "mean_precision": 0.03925925925925926, "f_1": 0.06670862177470108}}