{"process_time_second": 47.215735912323, "top_5": {"mean_recall": 0.1087866108786611, "mean_precision": 0.057777777777777775, "f_1": 0.07547169811320754}, "top_10": {"mean_recall": 0.13389121338912133, "mean_precision": 0.035555555555555556, "f_1": 0.05618964003511852}, "top_15": {"mean_recall": 0.18410041841004185, "mean_precision": 0.03259259259259259, "f_1": 0.0553807426054122}}