{"process_time_second": 47.887086153030396, "top_5": {"mean_recall": 0.21338912133891214, "mean_precision": 0.11333333333333333, "f_1": 0.14804063860667632}, "top_10": {"mean_recall": 0.25523012552301255, "mean_precision": 0.06777777777777778, "f_1": 0.10711150131694469}, "top_15": {"mean_recall": 0.27615062761506276, "mean_precision": 0.04888888888888889, "f_1": 0.08307111390811832}}