{"process_time_second": 88.9706289768219, "top_5": {"mean_recall": 0.18828451882845187, "mean_precision": 0.1, "f_1": 0.13062409288824384}, "top_10": {"mean_recall": 0.24267782426778242, "mean_precision": 0.06444444444444444, "f_1": 0.10184372256365232}, "top_15": {"mean_recall": 0.26778242677824265, "mean_precision": 0.047407407407407405, "f_1": 0.08055380742605411}}