{"process_time_second": 98.92383909225464, "top_5": {"mean_recall": 0.20502092050209206, "mean_precision": 0.10888888888888888, "f_1": 0.14223512336719882}, "top_10": {"mean_recall": 0.25523012552301255, "mean_precision": 0.06777777777777778, "f_1": 0.10711150131694469}, "top_15": {"mean_recall": 0.27615062761506276, "mean_precision": 0.04888888888888889, "f_1": 0.08307111390811832}}