{"process_time_second": 43.28566265106201, "top_5": {"mean_recall": 0.016736401673640166, "mean_precision": 0.008888888888888889, "f_1": 0.011611030478955007}, "top_10": {"mean_recall": 0.02092050209205021, "mean_precision": 0.005555555555555556, "f_1": 0.00877963125548727}, "top_15": {"mean_recall": 0.03765690376569038, "mean_precision": 0.006666666666666667, "f_1": 0.011327879169288861}}