{"process_time_second": 400.442902803421, "top_5": {"mean_recall": 0.16317991631799164, "mean_precision": 0.08666666666666667, "f_1": 0.11320754716981132}, "top_10": {"mean_recall": 0.21338912133891214, "mean_precision": 0.056666666666666664, "f_1": 0.08955223880597014}, "top_15": {"mean_recall": 0.2594142259414226, "mean_precision": 0.045925925925925926, "f_1": 0.07803650094398992}}