{"process_time_second": 17.64499258995056, "top_5": {"mean_recall": 0.09433962264150944, "mean_precision": 0.3, "f_1": 0.14354066985645933}, "top_10": {"mean_recall": 0.14046121593291405, "mean_precision": 0.22333333333333333, "f_1": 0.17245817245817247}, "top_15": {"mean_recall": 0.1761006289308176, "mean_precision": 0.18666666666666668, "f_1": 0.18122977346278318}}