{"process_time_second": 19.599787950515747, "top_5": {"mean_recall": 0.07547169811320754, "mean_precision": 0.24, "f_1": 0.11483253588516745}, "top_10": {"mean_recall": 0.11949685534591195, "mean_precision": 0.19, "f_1": 0.1467181467181467}, "top_15": {"mean_recall": 0.1488469601677149, "mean_precision": 0.15777777777777777, "f_1": 0.15318230852211434}}