{"process_time_second": 15.11643099784851, "top_5": {"mean_recall": 0.05450733752620545, "mean_precision": 0.17333333333333334, "f_1": 0.08293460925039872}, "top_10": {"mean_recall": 0.09643605870020965, "mean_precision": 0.15333333333333332, "f_1": 0.11840411840411841}, "top_15": {"mean_recall": 0.1069182389937107, "mean_precision": 0.11333333333333333, "f_1": 0.11003236245954692}}