{"process_time_second": 126.27530169487, "top_5": {"mean_recall": 0.07756813417190776, "mean_precision": 0.24666666666666667, "f_1": 0.11802232854864436}, "top_10": {"mean_recall": 0.11320754716981132, "mean_precision": 0.18, "f_1": 0.138996138996139}, "top_15": {"mean_recall": 0.1488469601677149, "mean_precision": 0.15777777777777777, "f_1": 0.15318230852211434}}