{"process_time_second": 14.448614358901978, "top_5": {"mean_recall": 0.050314465408805034, "mean_precision": 0.16, "f_1": 0.07655502392344499}, "top_10": {"mean_recall": 0.07966457023060797, "mean_precision": 0.12666666666666668, "f_1": 0.0978120978120978}, "top_15": {"mean_recall": 0.1090146750524109, "mean_precision": 0.11555555555555555, "f_1": 0.1121898597626753}}