{"process_time_second": 29.285236120224, "top_5": {"mean_recall": 0.0649895178197065, "mean_precision": 0.20666666666666667, "f_1": 0.09888357256778307}, "top_10": {"mean_recall": 0.0859538784067086, "mean_precision": 0.13666666666666666, "f_1": 0.10553410553410554}, "top_15": {"mean_recall": 0.10272536687631027, "mean_precision": 0.10888888888888888, "f_1": 0.10571736785329018}}