{"process_time_second": 17.18107318878174, "top_5": {"mean_recall": 0.08176100628930817, "mean_precision": 0.26, "f_1": 0.1244019138755981}, "top_10": {"mean_recall": 0.1278825995807128, "mean_precision": 0.20333333333333334, "f_1": 0.157014157014157}, "top_15": {"mean_recall": 0.1509433962264151, "mean_precision": 0.16, "f_1": 0.1553398058252427}}