{"process_time_second": 34.427284479141235, "top_5": {"mean_recall": 0.1069182389937107, "mean_precision": 0.34, "f_1": 0.1626794258373206}, "top_10": {"mean_recall": 0.14465408805031446, "mean_precision": 0.23, "f_1": 0.1776061776061776}, "top_15": {"mean_recall": 0.1761006289308176, "mean_precision": 0.18666666666666668, "f_1": 0.18122977346278318}}