{"process_time_second": 15.509579181671143, "top_5": {"mean_recall": 0.07547169811320754, "mean_precision": 0.24, "f_1": 0.11483253588516745}, "top_10": {"mean_recall": 0.09643605870020965, "mean_precision": 0.15333333333333332, "f_1": 0.11840411840411841}, "top_15": {"mean_recall": 0.11530398322851153, "mean_precision": 0.12222222222222222, "f_1": 0.1186623516720604}}