{"process_time_second": 32.638263463974, "top_5": {"mean_recall": 0.09224318658280922, "mean_precision": 0.29333333333333333, "f_1": 0.14035087719298245}, "top_10": {"mean_recall": 0.1320754716981132, "mean_precision": 0.21, "f_1": 0.16216216216216217}, "top_15": {"mean_recall": 0.1530398322851153, "mean_precision": 0.1622222222222222, "f_1": 0.1574973031283711}}