{"process_time_second": 275.1870017051697, "top_5": {"mean_recall": 0.10032017075773746, "mean_precision": 0.23209876543209876, "f_1": 0.14008941877794337}, "top_10": {"mean_recall": 0.14905727499110638, "mean_precision": 0.17242798353909464, "f_1": 0.15989315016218278}, "top_15": {"mean_recall": 0.17929562433297758, "mean_precision": 0.1382716049382716, "f_1": 0.15613382899628253}}