{"process_time_second": 238.63184714317322, "top_5": {"mean_recall": 0.057986481679117755, "mean_precision": 0.13415637860082305, "f_1": 0.08097367113760556}, "top_10": {"mean_recall": 0.09498399146211313, "mean_precision": 0.10987654320987654, "f_1": 0.10188895248998282}, "top_15": {"mean_recall": 0.13091426538598364, "mean_precision": 0.100960219478738, "f_1": 0.11400247831474597}}