{"process_time_second": 443.0500409603119, "top_5": {"mean_recall": 0.07221629313411597, "mean_precision": 0.16707818930041152, "f_1": 0.10084451068057625}, "top_10": {"mean_recall": 0.1127712557808609, "mean_precision": 0.13045267489711934, "f_1": 0.12096928067162754}, "top_15": {"mean_recall": 0.1401636428317325, "mean_precision": 0.10809327846364883, "f_1": 0.12205700123915739}}