{"process_time_second": 406.5427463054657, "top_5": {"mean_recall": 0.05585200996086802, "mean_precision": 0.12921810699588476, "f_1": 0.07799304520615996}, "top_10": {"mean_recall": 0.09107079331198861, "mean_precision": 0.10534979423868313, "f_1": 0.09769128029002098}, "top_15": {"mean_recall": 0.11561721807186055, "mean_precision": 0.08916323731138547, "f_1": 0.1006815365551425}}