{"process_time_second": 194.10131525993347, "top_5": {"mean_recall": 0.0064034151547491995, "mean_precision": 0.014814814814814815, "f_1": 0.00894187779433681}, "top_10": {"mean_recall": 0.007826396300249021, "mean_precision": 0.00905349794238683, "f_1": 0.008395344399923678}, "top_15": {"mean_recall": 0.0096051227321238, "mean_precision": 0.007407407407407408, "f_1": 0.008364312267657993}}