{"process_time_second": 238.72669863700867, "top_5": {"mean_recall": 0.07506225542511562, "mean_precision": 0.17366255144032922, "f_1": 0.10481867858917038}, "top_10": {"mean_recall": 0.1191746709356101, "mean_precision": 0.13786008230452676, "f_1": 0.12783819881701966}, "top_15": {"mean_recall": 0.14656705798648167, "mean_precision": 0.1130315500685871, "f_1": 0.127633209417596}}