{"process_time_second": 1491.0472111701965, "top_5": {"mean_recall": 0.07150480256136606, "mean_precision": 0.1654320987654321, "f_1": 0.09985096870342772}, "top_10": {"mean_recall": 0.12451085023123444, "mean_precision": 0.1440329218106996, "f_1": 0.1335622972715131}, "top_15": {"mean_recall": 0.16435432230522945, "mean_precision": 0.12674897119341563, "f_1": 0.14312267657992564}}