{"process_time_second": 462.52706003189087, "top_5": {"mean_recall": 0.059053717538242616, "mean_precision": 0.13662551440329218, "f_1": 0.08246398410332836}, "top_10": {"mean_recall": 0.09711846318036287, "mean_precision": 0.11234567901234568, "f_1": 0.1041785918717802}, "top_15": {"mean_recall": 0.12308786908573462, "mean_precision": 0.09492455418381344, "f_1": 0.10718711276332094}}