{"process_time_second": 446.24393033981323, "top_5": {"mean_recall": 0.07186054784774101, "mean_precision": 0.1662551440329218, "f_1": 0.10034773969200199}, "top_10": {"mean_recall": 0.11597296335823551, "mean_precision": 0.13415637860082305, "f_1": 0.12440373974432362}, "top_15": {"mean_recall": 0.1479900391319815, "mean_precision": 0.1141289437585734, "f_1": 0.1288723667905824}}