{"process_time_second": 211.85125303268433, "top_5": {"mean_recall": 0.06332266097474208, "mean_precision": 0.14650205761316873, "f_1": 0.08842523596621958}, "top_10": {"mean_recall": 0.09498399146211313, "mean_precision": 0.10987654320987654, "f_1": 0.10188895248998282}, "top_15": {"mean_recall": 0.12059765208110992, "mean_precision": 0.09300411522633745, "f_1": 0.10501858736059479}}