{"process_time_second": 209.27854990959167, "top_5": {"mean_recall": 0.06510138740661686, "mean_precision": 0.1506172839506173, "f_1": 0.09090909090909091}, "top_10": {"mean_recall": 0.10423336890786197, "mean_precision": 0.1205761316872428, "f_1": 0.11181072314443809}, "top_15": {"mean_recall": 0.15474919957310565, "mean_precision": 0.11934156378600823, "f_1": 0.13475836431226765}}