{"process_time_second": 1279.944985151291, "top_5": {"mean_recall": 0.06898979232664555, "mean_precision": 0.07935222672064778, "f_1": 0.07380907550367162}, "top_10": {"mean_recall": 0.11932418162618796, "mean_precision": 0.06862348178137652, "f_1": 0.08713532964914535}, "top_15": {"mean_recall": 0.15909890883491729, "mean_precision": 0.06099865047233468, "f_1": 0.08818651838844989}}