{"process_time_second": 212.954017162323, "top_5": {"mean_recall": 0.06617388243576205, "mean_precision": 0.07611336032388664, "f_1": 0.07079646017699115}, "top_10": {"mean_recall": 0.08940513903555086, "mean_precision": 0.051417004048582994, "f_1": 0.06528723814419742}, "top_15": {"mean_recall": 0.11017247448081662, "mean_precision": 0.04224021592442645, "f_1": 0.06106721295483367}}