{"process_time_second": 434.2838041782379, "top_5": {"mean_recall": 0.0781414994720169, "mean_precision": 0.08987854251012145, "f_1": 0.08360007531538316}, "top_10": {"mean_recall": 0.10735656458993312, "mean_precision": 0.06174089068825911, "f_1": 0.07839609304716617}, "top_15": {"mean_recall": 0.13269975360788455, "mean_precision": 0.05087719298245614, "f_1": 0.07355379962930446}}