{"process_time_second": 396.2955183982849, "top_5": {"mean_recall": 0.059134107708553325, "mean_precision": 0.0680161943319838, "f_1": 0.06326492186028997}, "top_10": {"mean_recall": 0.08342133051742344, "mean_precision": 0.04797570850202429, "f_1": 0.06091761984320782}, "top_15": {"mean_recall": 0.10383667722632876, "mean_precision": 0.0398110661268556, "f_1": 0.05755536045263877}}