{"process_time_second": 432.9603180885315, "top_5": {"mean_recall": 0.07778951073565646, "mean_precision": 0.08947368421052632, "f_1": 0.08322349839954811}, "top_10": {"mean_recall": 0.10313269975360788, "mean_precision": 0.05931174089068826, "f_1": 0.07531165659940882}, "top_15": {"mean_recall": 0.13269975360788455, "mean_precision": 0.05087719298245614, "f_1": 0.07355379962930446}}