{"process_time_second": 229.23106026649475, "top_5": {"mean_recall": 0.08905315029919042, "mean_precision": 0.10242914979757085, "f_1": 0.09527395970627002}, "top_10": {"mean_recall": 0.12601196761703626, "mean_precision": 0.07246963562753037, "f_1": 0.09201902069142784}, "top_15": {"mean_recall": 0.15452305526223162, "mean_precision": 0.0592442645074224, "f_1": 0.08565018047019803}}