{"process_time_second": 231.01416540145874, "top_5": {"mean_recall": 0.0936290038718761, "mean_precision": 0.1076923076923077, "f_1": 0.10016945961212577}, "top_10": {"mean_recall": 0.127419922562478, "mean_precision": 0.07327935222672065, "f_1": 0.09304716617401362}, "top_15": {"mean_recall": 0.15029919042590636, "mean_precision": 0.057624831309041835, "f_1": 0.08330894546873475}}