{"process_time_second": 456.86507964134216, "top_5": {"mean_recall": 0.0781414994720169, "mean_precision": 0.08987854251012145, "f_1": 0.08360007531538316}, "top_10": {"mean_recall": 0.11439633931714185, "mean_precision": 0.06578947368421052, "f_1": 0.08353682046009508}, "top_15": {"mean_recall": 0.1397395283350933, "mean_precision": 0.05357624831309042, "f_1": 0.07745585796507658}}