{"process_time_second": 261.95878195762634, "top_5": {"mean_recall": 0.08940513903555086, "mean_precision": 0.10283400809716599, "f_1": 0.09565053662210508}, "top_10": {"mean_recall": 0.13269975360788455, "mean_precision": 0.07631578947368421, "f_1": 0.09690271173371032}, "top_15": {"mean_recall": 0.16261879619852165, "mean_precision": 0.062348178137651825, "f_1": 0.09013754755633599}}