{"process_time_second": 206.01138138771057, "top_5": {"mean_recall": 0.08623724040830694, "mean_precision": 0.09919028340080972, "f_1": 0.09226134437958955}, "top_10": {"mean_recall": 0.1439633931714185, "mean_precision": 0.08279352226720647, "f_1": 0.10512787559439661}, "top_15": {"mean_recall": 0.18585005279831046, "mean_precision": 0.07125506072874493, "f_1": 0.10301434006438397}}