{"process_time_second": 191.50941729545593, "top_5": {"mean_recall": 0.03203097500879972, "mean_precision": 0.03684210526315789, "f_1": 0.0342684993409904}, "top_10": {"mean_recall": 0.06159802886307638, "mean_precision": 0.0354251012145749, "f_1": 0.044981364863128134}, "top_15": {"mean_recall": 0.0820133755719817, "mean_precision": 0.03144399460188934, "f_1": 0.0454589796117452}}