{"process_time_second": 20.938655853271484, "top_5": {"mean_recall": 0.6181972789115646, "mean_precision": 0.18858625162127107, "f_1": 0.28900814947326575}, "top_10": {"mean_recall": 0.7687074829931972, "mean_precision": 0.1172503242542153, "f_1": 0.2034661264911096}, "top_15": {"mean_recall": 0.8562925170068028, "mean_precision": 0.08707306528318201, "f_1": 0.15807236480653009}}