{"process_time_second": 11.099396228790283, "top_5": {"mean_recall": 0.6054421768707483, "mean_precision": 0.1846952010376135, "f_1": 0.2830451202544226}, "top_10": {"mean_recall": 0.701530612244898, "mean_precision": 0.10700389105058365, "f_1": 0.18568534773801487}, "top_15": {"mean_recall": 0.7806122448979592, "mean_precision": 0.07937743190661478, "f_1": 0.144101718860372}}