{"process_time_second": 11.60083556175232, "top_5": {"mean_recall": 0.6071428571428571, "mean_precision": 0.18521400778210118, "f_1": 0.283840190816935}, "top_10": {"mean_recall": 0.7585034013605442, "mean_precision": 0.11569390402075228, "f_1": 0.2007652487058294}, "top_15": {"mean_recall": 0.8443877551020408, "mean_precision": 0.08586251621271077, "f_1": 0.15587473510713445}}