{"process_time_second": 14.42535924911499, "top_5": {"mean_recall": 0.6420068027210885, "mean_precision": 0.19584954604409857, "f_1": 0.3001391373484397}, "top_10": {"mean_recall": 0.7933673469387755, "mean_precision": 0.12101167315175097, "f_1": 0.2099932478055368}, "top_15": {"mean_recall": 0.8664965986394558, "mean_precision": 0.08811067877215738, "f_1": 0.1599560474060121}}