{"process_time_second": 14.59706163406372, "top_5": {"mean_recall": 0.5552721088435374, "mean_precision": 0.169390402075227, "f_1": 0.2595905386603061}, "top_10": {"mean_recall": 0.7091836734693877, "mean_precision": 0.10817120622568094, "f_1": 0.187711006076975}, "top_15": {"mean_recall": 0.8171768707482994, "mean_precision": 0.08309554690877648, "f_1": 0.15085158150851583}}