{"process_time_second": 18.24764347076416, "top_5": {"mean_recall": 0.5586734693877551, "mean_precision": 0.17042801556420234, "f_1": 0.26118067978533094}, "top_10": {"mean_recall": 0.6445578231292517, "mean_precision": 0.09831387808041504, "f_1": 0.17060544677020031}, "top_15": {"mean_recall": 0.6862244897959183, "mean_precision": 0.06977950713359274, "f_1": 0.12667765481516366}}