{"process_time_second": 24.555193424224854, "top_5": {"mean_recall": 0.5952380952380952, "mean_precision": 0.1815823605706874, "f_1": 0.278274696879348}, "top_10": {"mean_recall": 0.7534013605442177, "mean_precision": 0.11491569390402075, "f_1": 0.19941480981318926}, "top_15": {"mean_recall": 0.8571428571428571, "mean_precision": 0.08715953307392996, "f_1": 0.15822933835648692}}