{"process_time_second": 26.75800919532776, "top_5": {"mean_recall": 0.5263605442176871, "mean_precision": 0.16057068741893646, "f_1": 0.2460743390975949}, "top_10": {"mean_recall": 0.689625850340136, "mean_precision": 0.10518806744487678, "f_1": 0.18253432365518796}, "top_15": {"mean_recall": 0.8001700680272109, "mean_precision": 0.08136619109381756, "f_1": 0.14771211050937919}}