{"process_time_second": 14.630183219909668, "top_5": {"mean_recall": 0.5782312925170068, "mean_precision": 0.17639429312581065, "f_1": 0.2703239912542238}, "top_10": {"mean_recall": 0.7287414965986394, "mean_precision": 0.11115434500648508, "f_1": 0.19288768849876206}, "top_15": {"mean_recall": 0.8248299319727891, "mean_precision": 0.08387375702550799, "f_1": 0.15226434345812728}}