{"process_time_second": 8.995611667633057, "top_5": {"mean_recall": 0.4260204081632653, "mean_precision": 0.12996108949416343, "f_1": 0.19916517590936197}, "top_10": {"mean_recall": 0.5416666666666666, "mean_precision": 0.08261997405966277, "f_1": 0.1433715957686248}, "top_15": {"mean_recall": 0.6539115646258503, "mean_precision": 0.06649373108517077, "f_1": 0.12071265991680402}}