{"process_time_second": 23.852795839309692, "top_5": {"mean_recall": 0.5909863945578231, "mean_precision": 0.18028534370946822, "f_1": 0.27628702047306697}, "top_10": {"mean_recall": 0.7534013605442177, "mean_precision": 0.11491569390402075, "f_1": 0.19941480981318926}, "top_15": {"mean_recall": 0.8545918367346939, "mean_precision": 0.08690012970168612, "f_1": 0.15775841770661642}}